,beta,alpha,d,v,s,k,range_scenario,A_v_k
0,0.0,0.0,0.0,0,0,s0,127.86827445244218,0
1,0.0,0.0,0.0,0,0,s1,99.6075181963836,0
2,1.0,0.0,3.080685590856205,0,0,s2,115.99147238937952,1
3,0.0,0.0,0.0,0,0,s3,98.86223464155088,0
4,1.0,0.0,3.080685590856205,0,0,s4,56.71784896948529,1
5,0.0,0.0,0.0,0,0,s5,93.65517235124308,0
6,1.0,0.0,3.080685590856205,0,0,s6,43.68291668248384,1
7,1.0,0.0,3.080685590856205,0,0,s7,39.44593887217334,1
8,0.0,0.0,0.0,0,0,s8,110.43150662672046,0
9,1.0,0.0,3.080685590856205,0,0,s9,49.76206761385893,1
10,1.0,0.0,3.080685590856205,0,0,s10,43.71596388649433,1
11,0.0,0.0,0.0,0,0,s11,103.3657195543187,0
12,1.0,0.0,3.080685590856205,0,0,s12,10.65349567872262,1
13,0.0,0.0,0.0,0,0,s13,96.81755375862052,0
14,1.0,0.0,3.080685590856205,0,0,s14,71.95887442553803,1
15,0.0,0.0,0.0,0,0,s15,97.6681089979,0
16,1.0,0.0,3.080685590856205,0,0,s16,54.60109158770531,1
17,0.0,0.0,0.0,0,0,s17,93.10474412299646,0
18,1.0,0.0,3.080685590856205,0,0,s18,59.76467385335484,1
19,0.0,0.0,0.0,0,0,s19,133.36805228998367,0
20,1.0,0.0,3.080685590856205,0,0,s20,23.829309709598164,1
21,1.0,0.0,3.080685590856205,0,0,s21,90.78359576025402,1
22,1.0,0.0,3.080685590856205,0,0,s22,76.1262926477773,1
23,0.0,0.0,0.0,0,0,s23,116.48324740524596,0
24,0.0,0.0,0.0,0,0,s24,52.89980317941006,0
25,0.0,0.0,0.0,0,0,s25,101.35002077580911,0
26,1.0,0.0,3.080685590856205,0,0,s26,66.2832523107652,1
27,1.0,0.0,3.080685590856205,0,0,s27,44.058170718245904,1
28,1.0,0.0,3.080685590856205,0,0,s28,49.67744878784012,1
29,0.0,0.0,0.0,0,0,s29,41.17264230728735,0
30,1.0,0.0,3.080685590856205,0,0,s30,33.9438854721859,1
31,1.0,0.0,3.080685590856205,0,0,s31,68.88354896218367,1
32,0.0,0.0,0.0,0,0,s32,105.36848253079394,0
33,0.0,0.0,0.0,0,0,s33,76.65989204224581,0
34,1.0,0.0,3.080685590856205,0,0,s34,36.59715414195487,1
35,0.0,0.0,0.0,0,0,s35,69.6652102982588,0
36,1.0,0.0,3.080685590856205,0,0,s36,87.5291238673226,1
37,0.0,0.0,0.0,0,0,s37,90.05972601056098,0
38,1.0,0.0,3.080685590856205,0,0,s38,60.67291281897072,1
39,1.0,0.0,3.080685590856205,0,0,s39,11.500347111865096,1
40,1.0,0.0,3.080685590856205,0,0,s40,23.68717615654046,1
41,0.0,0.0,0.0,0,0,s41,110.1298466894568,0
42,1.0,0.0,3.080685590856205,0,0,s42,11.616909030880052,1
43,1.0,0.0,3.080685590856205,0,0,s43,73.05379353806596,1
44,0.0,0.0,0.0,0,0,s44,61.769468746514285,0
45,0.0,0.0,0.0,0,0,s45,81.89738665841813,0
46,1.0,0.0,3.080685590856205,0,0,s46,34.38087529874873,1
47,1.0,0.0,3.080685590856205,0,0,s47,40.24976752760708,1
48,1.0,0.0,3.080685590856205,0,0,s48,71.88662334295277,1
49,1.0,0.0,3.080685590856205,0,0,s49,24.62330036670579,1
50,0.0,0.0,0.0,0,0,s50,87.41060285671354,0
51,0.0,0.0,0.0,0,0,s51,119.69847273099322,0
52,1.0,0.0,3.080685590856205,0,0,s52,95.29366170551296,1
53,0.0,0.0,0.0,0,0,s53,98.40078204567212,0
54,1.0,0.0,3.080685590856205,0,0,s54,46.43780438955731,1
55,1.0,0.0,3.080685590856205,0,0,s55,118.22772701434998,1
56,0.0,0.0,0.0,0,0,s56,106.8248200296343,0
57,0.0,0.0,0.0,0,0,s57,88.61801887301223,0
58,0.0,0.0,0.0,0,0,s58,85.01830773166729,0
59,1.0,0.0,3.080685590856205,0,0,s59,43.3207630356894,1
60,1.0,0.0,3.080685590856205,0,0,s60,83.77225537579847,1
61,1.0,0.0,3.080685590856205,0,0,s61,124.81729091120803,1
62,0.0,0.0,0.0,0,0,s62,71.94324569016025,0
63,0.0,0.0,0.0,0,0,s63,152.43510690063,0
64,0.0,0.0,0.0,0,0,s64,85.52153033099114,0
65,1.0,0.0,3.080685590856205,0,0,s65,96.95039886839103,1
66,1.0,0.0,3.080685590856205,0,0,s66,49.25146558343549,1
67,0.0,0.0,0.0,0,0,s67,75.27500405408973,0
68,1.0,0.0,3.080685590856205,0,0,s68,48.64726885121132,1
69,0.0,0.0,0.0,0,0,s69,66.2836170477781,0
70,1.0,0.0,3.080685590856205,0,0,s70,40.32280921470381,1
71,0.0,0.0,0.0,0,0,s71,121.9607119677008,0
72,1.0,0.0,3.080685590856205,0,0,s72,26.78674890086369,1
73,1.0,0.0,3.080685590856205,0,0,s73,68.32484704241341,1
74,0.0,0.0,0.0,0,0,s74,105.38527738915592,0
75,1.0,0.0,3.080685590856205,0,0,s75,76.29456737119114,1
76,0.0,0.0,0.0,0,0,s76,139.92211565258725,0
77,0.0,0.0,0.0,0,0,s77,58.11111741507683,0
78,0.0,0.0,0.0,0,0,s78,65.7221357895003,0
79,0.0,0.0,0.0,0,0,s79,63.90671257494193,0
80,1.0,0.0,3.080685590856205,0,0,s80,43.55473273631217,1
81,0.0,0.0,0.0,0,0,s81,120.0425857530019,0
82,1.0,0.0,3.080685590856205,0,0,s82,48.46111732524679,1
83,1.0,0.0,3.080685590856205,0,0,s83,32.45709537380097,1
84,0.0,0.0,0.0,0,0,s84,59.3810768154674,0
85,1.0,0.0,3.080685590856205,0,0,s85,39.62931179295293,1
86,0.0,0.0,0.0,0,0,s86,62.9130113934405,0
87,1.0,0.0,3.080685590856205,0,0,s87,102.15511488739313,1
88,1.0,0.0,3.080685590856205,0,0,s88,68.3710825429039,1
89,1.0,0.0,3.080685590856205,0,0,s89,46.71807051740073,1
90,1.0,0.0,3.080685590856205,0,0,s90,60.46320139295638,1
91,1.0,0.0,3.080685590856205,0,0,s91,78.61904802345035,1
92,0.0,0.0,0.0,0,0,s92,110.72702359490016,0
93,1.0,0.0,3.080685590856205,0,0,s93,41.19900370963044,1
94,1.0,0.0,3.080685590856205,0,0,s94,103.59916850860048,1
95,1.0,0.0,3.080685590856205,0,0,s95,85.33577441286991,1
96,1.0,0.0,3.080685590856205,0,0,s96,45.937306893198055,1
97,1.0,0.0,3.080685590856205,0,0,s97,40.64833557035966,1
98,1.0,0.0,3.080685590856205,0,0,s98,75.51344273724173,1
99,0.0,0.0,0.0,0,0,s99,68.89189042413598,0
100,0.0,0.0,0.0,0,1,s0,127.86827445244218,0
101,0.0,0.0,0.0,0,1,s1,99.6075181963836,0
102,0.0,0.0,0.0,0,1,s2,115.99147238937952,1
103,0.0,0.0,0.0,0,1,s3,98.86223464155088,0
104,0.0,0.0,0.0,0,1,s4,56.71784896948529,1
105,0.0,0.0,0.0,0,1,s5,93.65517235124308,0
106,0.0,0.0,0.0,0,1,s6,43.68291668248384,1
107,0.0,0.0,0.0,0,1,s7,39.44593887217334,1
108,0.0,0.0,0.0,0,1,s8,110.43150662672046,0
109,0.0,0.0,0.0,0,1,s9,49.76206761385893,1
110,0.0,0.0,0.0,0,1,s10,43.71596388649433,1
111,0.0,0.0,0.0,0,1,s11,103.3657195543187,0
112,0.0,0.0,0.0,0,1,s12,10.65349567872262,1
113,0.0,0.0,0.0,0,1,s13,96.81755375862052,0
114,0.0,0.0,0.0,0,1,s14,71.95887442553803,1
115,0.0,0.0,0.0,0,1,s15,97.6681089979,0
116,0.0,0.0,0.0,0,1,s16,54.60109158770531,1
117,0.0,0.0,0.0,0,1,s17,93.10474412299646,0
118,0.0,0.0,0.0,0,1,s18,59.76467385335484,1
119,0.0,0.0,0.0,0,1,s19,133.36805228998367,0
120,0.0,0.0,0.0,0,1,s20,23.829309709598164,1
121,0.0,0.0,0.0,0,1,s21,90.78359576025402,1
122,0.0,0.0,0.0,0,1,s22,76.1262926477773,1
123,0.0,0.0,0.0,0,1,s23,116.48324740524596,0
124,0.0,0.0,0.0,0,1,s24,52.89980317941006,0
125,0.0,0.0,0.0,0,1,s25,101.35002077580911,0
126,0.0,0.0,0.0,0,1,s26,66.2832523107652,1
127,0.0,0.0,0.0,0,1,s27,44.058170718245904,1
128,0.0,0.0,0.0,0,1,s28,49.67744878784012,1
129,0.0,0.0,0.0,0,1,s29,41.17264230728735,0
130,0.0,0.0,0.0,0,1,s30,33.9438854721859,1
131,0.0,0.0,0.0,0,1,s31,68.88354896218367,1
132,0.0,0.0,0.0,0,1,s32,105.36848253079394,0
133,0.0,0.0,0.0,0,1,s33,76.65989204224581,0
134,0.0,0.0,0.0,0,1,s34,36.59715414195487,1
135,0.0,0.0,0.0,0,1,s35,69.6652102982588,0
136,0.0,0.0,0.0,0,1,s36,87.5291238673226,1
137,0.0,0.0,0.0,0,1,s37,90.05972601056098,0
138,0.0,0.0,0.0,0,1,s38,60.67291281897072,1
139,0.0,0.0,0.0,0,1,s39,11.500347111865096,1
140,0.0,0.0,0.0,0,1,s40,23.68717615654046,1
141,0.0,0.0,0.0,0,1,s41,110.1298466894568,0
142,0.0,0.0,0.0,0,1,s42,11.616909030880052,1
143,0.0,0.0,0.0,0,1,s43,73.05379353806596,1
144,0.0,0.0,0.0,0,1,s44,61.769468746514285,0
145,0.0,0.0,0.0,0,1,s45,81.89738665841813,0
146,0.0,0.0,0.0,0,1,s46,34.38087529874873,1
147,0.0,0.0,0.0,0,1,s47,40.24976752760708,1
148,0.0,0.0,0.0,0,1,s48,71.88662334295277,1
149,0.0,0.0,0.0,0,1,s49,24.62330036670579,1
150,0.0,0.0,0.0,0,1,s50,87.41060285671354,0
151,0.0,0.0,0.0,0,1,s51,119.69847273099322,0
152,0.0,0.0,0.0,0,1,s52,95.29366170551296,1
153,0.0,0.0,0.0,0,1,s53,98.40078204567212,0
154,0.0,0.0,0.0,0,1,s54,46.43780438955731,1
155,0.0,0.0,0.0,0,1,s55,118.22772701434998,1
156,0.0,0.0,0.0,0,1,s56,106.8248200296343,0
157,0.0,0.0,0.0,0,1,s57,88.61801887301223,0
158,0.0,0.0,0.0,0,1,s58,85.01830773166729,0
159,0.0,0.0,0.0,0,1,s59,43.3207630356894,1
160,0.0,0.0,0.0,0,1,s60,83.77225537579847,1
161,0.0,0.0,0.0,0,1,s61,124.81729091120803,1
162,0.0,0.0,0.0,0,1,s62,71.94324569016025,0
163,0.0,0.0,0.0,0,1,s63,152.43510690063,0
164,0.0,0.0,0.0,0,1,s64,85.52153033099114,0
165,0.0,0.0,0.0,0,1,s65,96.95039886839103,1
166,0.0,0.0,0.0,0,1,s66,49.25146558343549,1
167,0.0,0.0,0.0,0,1,s67,75.27500405408973,0
168,0.0,0.0,0.0,0,1,s68,48.64726885121132,1
169,0.0,0.0,0.0,0,1,s69,66.2836170477781,0
170,0.0,0.0,0.0,0,1,s70,40.32280921470381,1
171,0.0,0.0,0.0,0,1,s71,121.9607119677008,0
172,0.0,0.0,0.0,0,1,s72,26.78674890086369,1
173,0.0,0.0,0.0,0,1,s73,68.32484704241341,1
174,0.0,0.0,0.0,0,1,s74,105.38527738915592,0
175,0.0,0.0,0.0,0,1,s75,76.29456737119114,1
176,0.0,0.0,0.0,0,1,s76,139.92211565258725,0
177,0.0,0.0,0.0,0,1,s77,58.11111741507683,0
178,0.0,0.0,0.0,0,1,s78,65.7221357895003,0
179,0.0,0.0,0.0,0,1,s79,63.90671257494193,0
180,0.0,0.0,0.0,0,1,s80,43.55473273631217,1
181,0.0,0.0,0.0,0,1,s81,120.0425857530019,0
182,0.0,0.0,0.0,0,1,s82,48.46111732524679,1
183,0.0,0.0,0.0,0,1,s83,32.45709537380097,1
184,0.0,0.0,0.0,0,1,s84,59.3810768154674,0
185,0.0,0.0,0.0,0,1,s85,39.62931179295293,1
186,0.0,0.0,0.0,0,1,s86,62.9130113934405,0
187,0.0,0.0,0.0,0,1,s87,102.15511488739313,1
188,0.0,0.0,0.0,0,1,s88,68.3710825429039,1
189,0.0,0.0,0.0,0,1,s89,46.71807051740073,1
190,0.0,0.0,0.0,0,1,s90,60.46320139295638,1
191,0.0,0.0,0.0,0,1,s91,78.61904802345035,1
192,0.0,0.0,0.0,0,1,s92,110.72702359490016,0
193,0.0,0.0,0.0,0,1,s93,41.19900370963044,1
194,0.0,0.0,0.0,0,1,s94,103.59916850860048,1
195,0.0,0.0,0.0,0,1,s95,85.33577441286991,1
196,0.0,0.0,0.0,0,1,s96,45.937306893198055,1
197,0.0,0.0,0.0,0,1,s97,40.64833557035966,1
198,0.0,0.0,0.0,0,1,s98,75.51344273724173,1
199,0.0,0.0,0.0,0,1,s99,68.89189042413598,0
200,0.0,0.0,0.0,0,2,s0,127.86827445244218,0
201,0.0,0.0,0.0,0,2,s1,99.6075181963836,0
202,0.0,0.0,0.0,0,2,s2,115.99147238937952,1
203,0.0,0.0,0.0,0,2,s3,98.86223464155088,0
204,0.0,0.0,0.0,0,2,s4,56.71784896948529,1
205,0.0,0.0,0.0,0,2,s5,93.65517235124308,0
206,0.0,0.0,0.0,0,2,s6,43.68291668248384,1
207,0.0,0.0,0.0,0,2,s7,39.44593887217334,1
208,0.0,0.0,0.0,0,2,s8,110.43150662672046,0
209,0.0,0.0,0.0,0,2,s9,49.76206761385893,1
210,0.0,0.0,0.0,0,2,s10,43.71596388649433,1
211,0.0,0.0,0.0,0,2,s11,103.3657195543187,0
212,0.0,0.0,0.0,0,2,s12,10.65349567872262,1
213,0.0,0.0,0.0,0,2,s13,96.81755375862052,0
214,0.0,0.0,0.0,0,2,s14,71.95887442553803,1
215,0.0,0.0,0.0,0,2,s15,97.6681089979,0
216,0.0,0.0,0.0,0,2,s16,54.60109158770531,1
217,0.0,0.0,0.0,0,2,s17,93.10474412299646,0
218,0.0,0.0,0.0,0,2,s18,59.76467385335484,1
219,0.0,0.0,0.0,0,2,s19,133.36805228998367,0
220,0.0,0.0,0.0,0,2,s20,23.829309709598164,1
221,0.0,0.0,0.0,0,2,s21,90.78359576025402,1
222,0.0,0.0,0.0,0,2,s22,76.1262926477773,1
223,0.0,0.0,0.0,0,2,s23,116.48324740524596,0
224,0.0,0.0,0.0,0,2,s24,52.89980317941006,0
225,0.0,0.0,0.0,0,2,s25,101.35002077580911,0
226,0.0,0.0,0.0,0,2,s26,66.2832523107652,1
227,0.0,0.0,0.0,0,2,s27,44.058170718245904,1
228,0.0,0.0,0.0,0,2,s28,49.67744878784012,1
229,0.0,0.0,0.0,0,2,s29,41.17264230728735,0
230,0.0,0.0,0.0,0,2,s30,33.9438854721859,1
231,0.0,0.0,0.0,0,2,s31,68.88354896218367,1
232,0.0,0.0,0.0,0,2,s32,105.36848253079394,0
233,0.0,0.0,0.0,0,2,s33,76.65989204224581,0
234,0.0,0.0,0.0,0,2,s34,36.59715414195487,1
235,0.0,0.0,0.0,0,2,s35,69.6652102982588,0
236,0.0,0.0,0.0,0,2,s36,87.5291238673226,1
237,0.0,0.0,0.0,0,2,s37,90.05972601056098,0
238,0.0,0.0,0.0,0,2,s38,60.67291281897072,1
239,0.0,0.0,0.0,0,2,s39,11.500347111865096,1
240,0.0,0.0,0.0,0,2,s40,23.68717615654046,1
241,0.0,0.0,0.0,0,2,s41,110.1298466894568,0
242,0.0,0.0,0.0,0,2,s42,11.616909030880052,1
243,0.0,0.0,0.0,0,2,s43,73.05379353806596,1
244,0.0,0.0,0.0,0,2,s44,61.769468746514285,0
245,0.0,0.0,0.0,0,2,s45,81.89738665841813,0
246,0.0,0.0,0.0,0,2,s46,34.38087529874873,1
247,0.0,0.0,0.0,0,2,s47,40.24976752760708,1
248,0.0,0.0,0.0,0,2,s48,71.88662334295277,1
249,0.0,0.0,0.0,0,2,s49,24.62330036670579,1
250,0.0,0.0,0.0,0,2,s50,87.41060285671354,0
251,0.0,0.0,0.0,0,2,s51,119.69847273099322,0
252,0.0,0.0,0.0,0,2,s52,95.29366170551296,1
253,0.0,0.0,0.0,0,2,s53,98.40078204567212,0
254,0.0,0.0,0.0,0,2,s54,46.43780438955731,1
255,0.0,0.0,0.0,0,2,s55,118.22772701434998,1
256,0.0,0.0,0.0,0,2,s56,106.8248200296343,0
257,0.0,0.0,0.0,0,2,s57,88.61801887301223,0
258,0.0,0.0,0.0,0,2,s58,85.01830773166729,0
259,0.0,0.0,0.0,0,2,s59,43.3207630356894,1
260,0.0,0.0,0.0,0,2,s60,83.77225537579847,1
261,0.0,0.0,0.0,0,2,s61,124.81729091120803,1
262,0.0,0.0,0.0,0,2,s62,71.94324569016025,0
263,0.0,0.0,0.0,0,2,s63,152.43510690063,0
264,0.0,0.0,0.0,0,2,s64,85.52153033099114,0
265,0.0,0.0,0.0,0,2,s65,96.95039886839103,1
266,0.0,0.0,0.0,0,2,s66,49.25146558343549,1
267,0.0,0.0,0.0,0,2,s67,75.27500405408973,0
268,0.0,0.0,0.0,0,2,s68,48.64726885121132,1
269,0.0,0.0,0.0,0,2,s69,66.2836170477781,0
270,0.0,0.0,0.0,0,2,s70,40.32280921470381,1
271,0.0,0.0,0.0,0,2,s71,121.9607119677008,0
272,0.0,0.0,0.0,0,2,s72,26.78674890086369,1
273,0.0,0.0,0.0,0,2,s73,68.32484704241341,1
274,0.0,0.0,0.0,0,2,s74,105.38527738915592,0
275,0.0,0.0,0.0,0,2,s75,76.29456737119114,1
276,0.0,0.0,0.0,0,2,s76,139.92211565258725,0
277,0.0,0.0,0.0,0,2,s77,58.11111741507683,0
278,0.0,0.0,0.0,0,2,s78,65.7221357895003,0
279,0.0,0.0,0.0,0,2,s79,63.90671257494193,0
280,0.0,0.0,0.0,0,2,s80,43.55473273631217,1
281,0.0,0.0,0.0,0,2,s81,120.0425857530019,0
282,0.0,0.0,0.0,0,2,s82,48.46111732524679,1
283,0.0,0.0,0.0,0,2,s83,32.45709537380097,1
284,0.0,0.0,0.0,0,2,s84,59.3810768154674,0
285,0.0,0.0,0.0,0,2,s85,39.62931179295293,1
286,0.0,0.0,0.0,0,2,s86,62.9130113934405,0
287,0.0,0.0,0.0,0,2,s87,102.15511488739313,1
288,0.0,0.0,0.0,0,2,s88,68.3710825429039,1
289,0.0,0.0,0.0,0,2,s89,46.71807051740073,1
290,0.0,0.0,0.0,0,2,s90,60.46320139295638,1
291,0.0,0.0,0.0,0,2,s91,78.61904802345035,1
292,0.0,0.0,0.0,0,2,s92,110.72702359490016,0
293,0.0,0.0,0.0,0,2,s93,41.19900370963044,1
294,0.0,0.0,0.0,0,2,s94,103.59916850860048,1
295,0.0,0.0,0.0,0,2,s95,85.33577441286991,1
296,0.0,0.0,0.0,0,2,s96,45.937306893198055,1
297,0.0,0.0,0.0,0,2,s97,40.64833557035966,1
298,0.0,0.0,0.0,0,2,s98,75.51344273724173,1
299,0.0,0.0,0.0,0,2,s99,68.89189042413598,0
300,0.0,0.0,0.0,0,3,s0,127.86827445244218,0
301,0.0,0.0,0.0,0,3,s1,99.6075181963836,0
302,0.0,0.0,0.0,0,3,s2,115.99147238937952,1
303,0.0,0.0,0.0,0,3,s3,98.86223464155088,0
304,0.0,0.0,0.0,0,3,s4,56.71784896948529,1
305,0.0,0.0,0.0,0,3,s5,93.65517235124308,0
306,0.0,0.0,0.0,0,3,s6,43.68291668248384,1
307,0.0,0.0,0.0,0,3,s7,39.44593887217334,1
308,0.0,0.0,0.0,0,3,s8,110.43150662672046,0
309,0.0,0.0,0.0,0,3,s9,49.76206761385893,1
310,0.0,0.0,0.0,0,3,s10,43.71596388649433,1
311,0.0,0.0,0.0,0,3,s11,103.3657195543187,0
312,0.0,0.0,0.0,0,3,s12,10.65349567872262,1
313,0.0,0.0,0.0,0,3,s13,96.81755375862052,0
314,0.0,0.0,0.0,0,3,s14,71.95887442553803,1
315,0.0,0.0,0.0,0,3,s15,97.6681089979,0
316,0.0,0.0,0.0,0,3,s16,54.60109158770531,1
317,0.0,0.0,0.0,0,3,s17,93.10474412299646,0
318,0.0,0.0,0.0,0,3,s18,59.76467385335484,1
319,0.0,0.0,0.0,0,3,s19,133.36805228998367,0
320,0.0,0.0,0.0,0,3,s20,23.829309709598164,1
321,0.0,0.0,0.0,0,3,s21,90.78359576025402,1
322,0.0,0.0,0.0,0,3,s22,76.1262926477773,1
323,0.0,0.0,0.0,0,3,s23,116.48324740524596,0
324,0.0,0.0,0.0,0,3,s24,52.89980317941006,0
325,0.0,0.0,0.0,0,3,s25,101.35002077580911,0
326,0.0,0.0,0.0,0,3,s26,66.2832523107652,1
327,0.0,0.0,0.0,0,3,s27,44.058170718245904,1
328,0.0,0.0,0.0,0,3,s28,49.67744878784012,1
329,0.0,0.0,0.0,0,3,s29,41.17264230728735,0
330,0.0,0.0,0.0,0,3,s30,33.9438854721859,1
331,0.0,0.0,0.0,0,3,s31,68.88354896218367,1
332,0.0,0.0,0.0,0,3,s32,105.36848253079394,0
333,0.0,0.0,0.0,0,3,s33,76.65989204224581,0
334,0.0,0.0,0.0,0,3,s34,36.59715414195487,1
335,0.0,0.0,0.0,0,3,s35,69.6652102982588,0
336,0.0,0.0,0.0,0,3,s36,87.5291238673226,1
337,0.0,0.0,0.0,0,3,s37,90.05972601056098,0
338,0.0,0.0,0.0,0,3,s38,60.67291281897072,1
339,0.0,0.0,0.0,0,3,s39,11.500347111865096,1
340,0.0,0.0,0.0,0,3,s40,23.68717615654046,1
341,0.0,0.0,0.0,0,3,s41,110.1298466894568,0
342,0.0,0.0,0.0,0,3,s42,11.616909030880052,1
343,0.0,0.0,0.0,0,3,s43,73.05379353806596,1
344,0.0,0.0,0.0,0,3,s44,61.769468746514285,0
345,0.0,0.0,0.0,0,3,s45,81.89738665841813,0
346,0.0,0.0,0.0,0,3,s46,34.38087529874873,1
347,0.0,0.0,0.0,0,3,s47,40.24976752760708,1
348,0.0,0.0,0.0,0,3,s48,71.88662334295277,1
349,0.0,0.0,0.0,0,3,s49,24.62330036670579,1
350,0.0,0.0,0.0,0,3,s50,87.41060285671354,0
351,0.0,0.0,0.0,0,3,s51,119.69847273099322,0
352,0.0,0.0,0.0,0,3,s52,95.29366170551296,1
353,0.0,0.0,0.0,0,3,s53,98.40078204567212,0
354,0.0,0.0,0.0,0,3,s54,46.43780438955731,1
355,0.0,0.0,0.0,0,3,s55,118.22772701434998,1
356,0.0,0.0,0.0,0,3,s56,106.8248200296343,0
357,0.0,0.0,0.0,0,3,s57,88.61801887301223,0
358,0.0,0.0,0.0,0,3,s58,85.01830773166729,0
359,0.0,0.0,0.0,0,3,s59,43.3207630356894,1
360,0.0,0.0,0.0,0,3,s60,83.77225537579847,1
361,0.0,0.0,0.0,0,3,s61,124.81729091120803,1
362,0.0,0.0,0.0,0,3,s62,71.94324569016025,0
363,0.0,0.0,0.0,0,3,s63,152.43510690063,0
364,0.0,0.0,0.0,0,3,s64,85.52153033099114,0
365,0.0,0.0,0.0,0,3,s65,96.95039886839103,1
366,0.0,0.0,0.0,0,3,s66,49.25146558343549,1
367,0.0,0.0,0.0,0,3,s67,75.27500405408973,0
368,0.0,0.0,0.0,0,3,s68,48.64726885121132,1
369,0.0,0.0,0.0,0,3,s69,66.2836170477781,0
370,0.0,0.0,0.0,0,3,s70,40.32280921470381,1
371,0.0,0.0,0.0,0,3,s71,121.9607119677008,0
372,0.0,0.0,0.0,0,3,s72,26.78674890086369,1
373,0.0,0.0,0.0,0,3,s73,68.32484704241341,1
374,0.0,0.0,0.0,0,3,s74,105.38527738915592,0
375,0.0,0.0,0.0,0,3,s75,76.29456737119114,1
376,0.0,0.0,0.0,0,3,s76,139.92211565258725,0
377,0.0,0.0,0.0,0,3,s77,58.11111741507683,0
378,0.0,0.0,0.0,0,3,s78,65.7221357895003,0
379,0.0,0.0,0.0,0,3,s79,63.90671257494193,0
380,0.0,0.0,0.0,0,3,s80,43.55473273631217,1
381,0.0,0.0,0.0,0,3,s81,120.0425857530019,0
382,0.0,0.0,0.0,0,3,s82,48.46111732524679,1
383,0.0,0.0,0.0,0,3,s83,32.45709537380097,1
384,0.0,0.0,0.0,0,3,s84,59.3810768154674,0
385,0.0,0.0,0.0,0,3,s85,39.62931179295293,1
386,0.0,0.0,0.0,0,3,s86,62.9130113934405,0
387,0.0,0.0,0.0,0,3,s87,102.15511488739313,1
388,0.0,0.0,0.0,0,3,s88,68.3710825429039,1
389,0.0,0.0,0.0,0,3,s89,46.71807051740073,1
390,0.0,0.0,0.0,0,3,s90,60.46320139295638,1
391,0.0,0.0,0.0,0,3,s91,78.61904802345035,1
392,0.0,0.0,0.0,0,3,s92,110.72702359490016,0
393,0.0,0.0,0.0,0,3,s93,41.19900370963044,1
394,0.0,0.0,0.0,0,3,s94,103.59916850860048,1
395,0.0,0.0,0.0,0,3,s95,85.33577441286991,1
396,0.0,0.0,0.0,0,3,s96,45.937306893198055,1
397,0.0,0.0,0.0,0,3,s97,40.64833557035966,1
398,0.0,0.0,0.0,0,3,s98,75.51344273724173,1
399,0.0,0.0,0.0,0,3,s99,68.89189042413598,0
400,0.0,0.0,0.0,1,0,s0,87.24648809612748,0
401,1.0,0.0,12.080071215114693,1,0,s1,78.2620227390377,1
402,0.0,0.0,0.0,1,0,s2,58.82438821390615,0
403,1.0,0.0,12.080071215114693,1,0,s3,58.7414181850107,1
404,0.0,0.0,0.0,1,0,s4,51.52136012655755,0
405,1.0,0.0,12.080071215114693,1,0,s5,49.331962384466095,1
406,1.0,0.0,12.080071215114693,1,0,s6,13.646324639835257,1
407,1.0,0.0,12.080071215114693,1,0,s7,70.82045880067415,1
408,0.0,0.0,0.0,1,0,s8,71.19514120577276,0
409,1.0,0.0,12.080071215114693,1,0,s9,93.7457385645416,1
410,0.0,0.0,0.0,1,0,s10,148.43466588961843,0
411,1.0,0.0,12.080071215114693,1,0,s11,70.91215086747059,1
412,1.0,0.0,12.080071215114693,1,0,s12,33.24896137827551,1
413,0.0,0.0,0.0,1,0,s13,85.38444562273155,0
414,0.0,0.0,0.0,1,0,s14,95.36918704890552,0
415,1.0,0.0,12.080071215114693,1,0,s15,75.15029392499889,1
416,1.0,0.0,12.080071215114693,1,0,s16,81.73518865294531,1
417,1.0,0.0,12.080071215114693,1,0,s17,64.75709208712058,1
418,0.0,0.0,0.0,1,0,s18,101.14361231556816,0
419,0.0,0.0,0.0,1,0,s19,84.3466201483025,0
420,0.0,0.0,0.0,1,0,s20,134.20058556895634,0
421,0.0,0.0,0.0,1,0,s21,64.56612194769473,0
422,0.0,0.0,0.0,1,0,s22,64.26775067725517,0
423,0.0,0.0,0.0,1,0,s23,107.16545908777314,0
424,1.0,0.0,12.080071215114693,1,0,s24,69.27779127126058,1
425,1.0,0.0,12.080071215114693,1,0,s25,55.92563683323955,1
426,1.0,0.0,12.080071215114693,1,0,s26,104.51203405514823,1
427,1.0,0.0,12.080071215114693,1,0,s27,79.98646667806443,1
428,0.0,0.0,0.0,1,0,s28,114.06099130625348,0
429,1.0,0.0,12.080071215114693,1,0,s29,36.749334544203485,1
430,1.0,0.0,12.080071215114693,1,0,s30,24.78440120694185,1
431,0.0,0.0,0.0,1,0,s31,130.55324345099692,0
432,0.0,0.0,0.0,1,0,s32,121.56529414643624,0
433,1.0,0.0,12.080071215114693,1,0,s33,44.598370198501264,1
434,0.0,0.0,0.0,1,0,s34,74.87374561835652,0
435,0.0,0.0,0.0,1,0,s35,57.90413562773553,0
436,1.0,0.0,12.080071215114693,1,0,s36,43.43384595965777,1
437,0.0,0.0,0.0,1,0,s37,104.95401468691662,0
438,0.0,0.0,0.0,1,0,s38,77.8670797469697,0
439,0.0,0.0,0.0,1,0,s39,97.96443952949524,0
440,1.0,0.0,12.080071215114693,1,0,s40,101.2328980004464,1
441,1.0,0.0,12.080071215114693,1,0,s41,47.43674423753605,1
442,1.0,0.0,12.080071215114693,1,0,s42,12.647581181770242,1
443,1.0,0.0,12.080071215114693,1,0,s43,90.88863353595198,1
444,1.0,0.0,12.080071215114693,1,0,s44,33.83100528646747,1
445,0.0,0.0,0.0,1,0,s45,91.8818193778518,0
446,1.0,0.0,12.080071215114693,1,0,s46,92.06021260476338,1
447,0.0,0.0,0.0,1,0,s47,107.45591969753218,0
448,0.0,0.0,0.0,1,0,s48,79.19235108076109,0
449,1.0,0.0,12.080071215114693,1,0,s49,118.61135319242156,1
450,0.0,0.0,0.0,1,0,s50,71.26531272306863,0
451,1.0,0.0,12.080071215114693,1,0,s51,76.84426822584226,1
452,1.0,0.0,12.080071215114693,1,0,s52,60.44092528364659,1
453,0.0,0.0,0.0,1,0,s53,137.52410751072608,0
454,1.0,0.0,12.080071215114693,1,0,s54,104.51957655342326,1
455,0.0,0.0,0.0,1,0,s55,92.12599753756042,0
456,1.0,0.0,12.080071215114693,1,0,s56,37.2450021661674,1
457,1.0,0.0,12.080071215114693,1,0,s57,46.37507950636007,1
458,1.0,0.0,12.080071215114693,1,0,s58,90.5941826887102,1
459,1.0,0.0,12.080071215114693,1,0,s59,26.125824717230717,1
460,0.0,0.0,0.0,1,0,s60,147.35547114591407,0
461,0.0,0.0,0.0,1,0,s61,60.856759369880805,0
462,1.0,0.0,12.080071215114693,1,0,s62,30.63802131937769,1
463,0.0,0.0,0.0,1,0,s63,99.0767746280678,0
464,0.0,0.0,0.0,1,0,s64,124.58505307676634,0
465,1.0,0.0,12.080071215114693,1,0,s65,16.878673815192336,1
466,0.0,0.0,0.0,1,0,s66,101.925294343409,0
467,1.0,0.0,12.080071215114693,1,0,s67,30.33730807013182,1
468,1.0,0.0,12.080071215114693,1,0,s68,92.65693142739116,1
469,0.0,0.0,0.0,1,0,s69,46.06061447388738,0
470,0.0,0.0,0.0,1,0,s70,82.46872524006916,0
471,1.0,0.0,12.080071215114693,1,0,s71,86.01210208152308,1
472,0.0,0.0,0.0,1,0,s72,108.66690604937266,0
473,0.0,0.0,0.0,1,0,s73,95.61599311561274,0
474,1.0,0.0,12.080071215114693,1,0,s74,44.9997325426968,1
475,1.0,0.0,12.080071215114693,1,0,s75,12.080071215114693,1
476,1.0,0.0,12.080071215114693,1,0,s76,28.807434232521807,1
477,1.0,0.0,12.080071215114693,1,0,s77,33.9495532868868,1
478,0.0,0.0,0.0,1,0,s78,125.6527697752131,0
479,1.0,0.0,12.080071215114693,1,0,s79,87.71443530283874,1
480,0.0,0.0,0.0,1,0,s80,139.75039122470494,0
481,1.0,0.0,12.080071215114693,1,0,s81,63.4274877228332,1
482,1.0,0.0,12.080071215114693,1,0,s82,69.34922304641705,1
483,0.0,0.0,0.0,1,0,s83,37.77353597259822,0
484,1.0,0.0,12.080071215114693,1,0,s84,33.92949248417591,1
485,0.0,0.0,0.0,1,0,s85,110.1184409868744,0
486,0.0,0.0,0.0,1,0,s86,93.3782793962653,0
487,0.0,0.0,0.0,1,0,s87,107.89324528388374,0
488,0.0,0.0,0.0,1,0,s88,83.10627058042525,0
489,0.0,0.0,0.0,1,0,s89,118.53167889168756,0
490,1.0,0.0,12.080071215114693,1,0,s90,46.545121572877946,1
491,0.0,0.0,0.0,1,0,s91,95.15220248448732,0
492,0.0,0.0,0.0,1,0,s92,103.07334427695068,0
493,0.0,0.0,0.0,1,0,s93,110.60407016581716,0
494,1.0,0.0,12.080071215114693,1,0,s94,99.06421670060324,1
495,1.0,0.0,12.080071215114693,1,0,s95,78.63794064582231,1
496,1.0,0.0,12.080071215114693,1,0,s96,87.73641205876649,1
497,0.0,0.0,0.0,1,0,s97,117.16937281932498,0
498,1.0,0.0,12.080071215114693,1,0,s98,79.00855320194,1
499,1.0,0.0,12.080071215114693,1,0,s99,82.9049188383455,1
500,0.0,0.0,0.0,1,1,s0,87.24648809612748,0
501,0.0,0.0,0.0,1,1,s1,78.2620227390377,1
502,0.0,0.0,0.0,1,1,s2,58.82438821390615,0
503,0.0,0.0,0.0,1,1,s3,58.7414181850107,1
504,0.0,0.0,0.0,1,1,s4,51.52136012655755,0
505,0.0,0.0,0.0,1,1,s5,49.331962384466095,1
506,0.0,0.0,0.0,1,1,s6,13.646324639835257,1
507,0.0,0.0,0.0,1,1,s7,70.82045880067415,1
508,0.0,0.0,0.0,1,1,s8,71.19514120577276,0
509,0.0,0.0,0.0,1,1,s9,93.7457385645416,1
510,0.0,0.0,0.0,1,1,s10,148.43466588961843,0
511,0.0,0.0,0.0,1,1,s11,70.91215086747059,1
512,0.0,0.0,0.0,1,1,s12,33.24896137827551,1
513,0.0,0.0,0.0,1,1,s13,85.38444562273155,0
514,0.0,0.0,0.0,1,1,s14,95.36918704890552,0
515,0.0,0.0,0.0,1,1,s15,75.15029392499889,1
516,0.0,0.0,0.0,1,1,s16,81.73518865294531,1
517,0.0,0.0,0.0,1,1,s17,64.75709208712058,1
518,0.0,0.0,0.0,1,1,s18,101.14361231556816,0
519,0.0,0.0,0.0,1,1,s19,84.3466201483025,0
520,0.0,0.0,0.0,1,1,s20,134.20058556895634,0
521,0.0,0.0,0.0,1,1,s21,64.56612194769473,0
522,0.0,0.0,0.0,1,1,s22,64.26775067725517,0
523,0.0,0.0,0.0,1,1,s23,107.16545908777314,0
524,0.0,0.0,0.0,1,1,s24,69.27779127126058,1
525,0.0,0.0,0.0,1,1,s25,55.92563683323955,1
526,0.0,0.0,0.0,1,1,s26,104.51203405514823,1
527,0.0,0.0,0.0,1,1,s27,79.98646667806443,1
528,0.0,0.0,0.0,1,1,s28,114.06099130625348,0
529,0.0,0.0,0.0,1,1,s29,36.749334544203485,1
530,0.0,0.0,0.0,1,1,s30,24.78440120694185,1
531,0.0,0.0,0.0,1,1,s31,130.55324345099692,0
532,0.0,0.0,0.0,1,1,s32,121.56529414643624,0
533,0.0,0.0,0.0,1,1,s33,44.598370198501264,1
534,0.0,0.0,0.0,1,1,s34,74.87374561835652,0
535,0.0,0.0,0.0,1,1,s35,57.90413562773553,0
536,0.0,0.0,0.0,1,1,s36,43.43384595965777,1
537,0.0,0.0,0.0,1,1,s37,104.95401468691662,0
538,0.0,0.0,0.0,1,1,s38,77.8670797469697,0
539,0.0,0.0,0.0,1,1,s39,97.96443952949524,0
540,0.0,0.0,0.0,1,1,s40,101.2328980004464,1
541,0.0,0.0,0.0,1,1,s41,47.43674423753605,1
542,0.0,0.0,0.0,1,1,s42,12.647581181770242,1
543,0.0,0.0,0.0,1,1,s43,90.88863353595198,1
544,0.0,0.0,0.0,1,1,s44,33.83100528646747,1
545,0.0,0.0,0.0,1,1,s45,91.8818193778518,0
546,0.0,0.0,0.0,1,1,s46,92.06021260476338,1
547,0.0,0.0,0.0,1,1,s47,107.45591969753218,0
548,0.0,0.0,0.0,1,1,s48,79.19235108076109,0
549,0.0,0.0,0.0,1,1,s49,118.61135319242156,1
550,0.0,0.0,0.0,1,1,s50,71.26531272306863,0
551,0.0,0.0,0.0,1,1,s51,76.84426822584226,1
552,0.0,0.0,0.0,1,1,s52,60.44092528364659,1
553,0.0,0.0,0.0,1,1,s53,137.52410751072608,0
554,0.0,0.0,0.0,1,1,s54,104.51957655342326,1
555,0.0,0.0,0.0,1,1,s55,92.12599753756042,0
556,0.0,0.0,0.0,1,1,s56,37.2450021661674,1
557,0.0,0.0,0.0,1,1,s57,46.37507950636007,1
558,0.0,0.0,0.0,1,1,s58,90.5941826887102,1
559,0.0,0.0,0.0,1,1,s59,26.125824717230717,1
560,0.0,0.0,0.0,1,1,s60,147.35547114591407,0
561,0.0,0.0,0.0,1,1,s61,60.856759369880805,0
562,0.0,0.0,0.0,1,1,s62,30.63802131937769,1
563,0.0,0.0,0.0,1,1,s63,99.0767746280678,0
564,0.0,0.0,0.0,1,1,s64,124.58505307676634,0
565,0.0,0.0,0.0,1,1,s65,16.878673815192336,1
566,0.0,0.0,0.0,1,1,s66,101.925294343409,0
567,0.0,0.0,0.0,1,1,s67,30.33730807013182,1
568,0.0,0.0,0.0,1,1,s68,92.65693142739116,1
569,0.0,0.0,0.0,1,1,s69,46.06061447388738,0
570,0.0,0.0,0.0,1,1,s70,82.46872524006916,0
571,0.0,0.0,0.0,1,1,s71,86.01210208152308,1
572,0.0,0.0,0.0,1,1,s72,108.66690604937266,0
573,0.0,0.0,0.0,1,1,s73,95.61599311561274,0
574,0.0,0.0,0.0,1,1,s74,44.9997325426968,1
575,0.0,0.0,0.0,1,1,s75,12.080071215114693,1
576,0.0,0.0,0.0,1,1,s76,28.807434232521807,1
577,0.0,0.0,0.0,1,1,s77,33.9495532868868,1
578,0.0,0.0,0.0,1,1,s78,125.6527697752131,0
579,0.0,0.0,0.0,1,1,s79,87.71443530283874,1
580,0.0,0.0,0.0,1,1,s80,139.75039122470494,0
581,0.0,0.0,0.0,1,1,s81,63.4274877228332,1
582,0.0,0.0,0.0,1,1,s82,69.34922304641705,1
583,0.0,0.0,0.0,1,1,s83,37.77353597259822,0
584,0.0,0.0,0.0,1,1,s84,33.92949248417591,1
585,0.0,0.0,0.0,1,1,s85,110.1184409868744,0
586,0.0,0.0,0.0,1,1,s86,93.3782793962653,0
587,0.0,0.0,0.0,1,1,s87,107.89324528388374,0
588,0.0,0.0,0.0,1,1,s88,83.10627058042525,0
589,0.0,0.0,0.0,1,1,s89,118.53167889168756,0
590,0.0,0.0,0.0,1,1,s90,46.545121572877946,1
591,0.0,0.0,0.0,1,1,s91,95.15220248448732,0
592,0.0,0.0,0.0,1,1,s92,103.07334427695068,0
593,0.0,0.0,0.0,1,1,s93,110.60407016581716,0
594,0.0,0.0,0.0,1,1,s94,99.06421670060324,1
595,0.0,0.0,0.0,1,1,s95,78.63794064582231,1
596,0.0,0.0,0.0,1,1,s96,87.73641205876649,1
597,0.0,0.0,0.0,1,1,s97,117.16937281932498,0
598,0.0,0.0,0.0,1,1,s98,79.00855320194,1
599,0.0,0.0,0.0,1,1,s99,82.9049188383455,1
600,0.0,0.0,0.0,1,2,s0,87.24648809612748,0
601,0.0,0.0,0.0,1,2,s1,78.2620227390377,1
602,0.0,0.0,0.0,1,2,s2,58.82438821390615,0
603,0.0,0.0,0.0,1,2,s3,58.7414181850107,1
604,0.0,0.0,0.0,1,2,s4,51.52136012655755,0
605,0.0,0.0,0.0,1,2,s5,49.331962384466095,1
606,0.0,0.0,0.0,1,2,s6,13.646324639835257,1
607,0.0,0.0,0.0,1,2,s7,70.82045880067415,1
608,0.0,0.0,0.0,1,2,s8,71.19514120577276,0
609,0.0,0.0,0.0,1,2,s9,93.7457385645416,1
610,0.0,0.0,0.0,1,2,s10,148.43466588961843,0
611,0.0,0.0,0.0,1,2,s11,70.91215086747059,1
612,0.0,0.0,0.0,1,2,s12,33.24896137827551,1
613,0.0,0.0,0.0,1,2,s13,85.38444562273155,0
614,0.0,0.0,0.0,1,2,s14,95.36918704890552,0
615,0.0,0.0,0.0,1,2,s15,75.15029392499889,1
616,0.0,0.0,0.0,1,2,s16,81.73518865294531,1
617,0.0,0.0,0.0,1,2,s17,64.75709208712058,1
618,0.0,0.0,0.0,1,2,s18,101.14361231556816,0
619,0.0,0.0,0.0,1,2,s19,84.3466201483025,0
620,0.0,0.0,0.0,1,2,s20,134.20058556895634,0
621,0.0,0.0,0.0,1,2,s21,64.56612194769473,0
622,0.0,0.0,0.0,1,2,s22,64.26775067725517,0
623,0.0,0.0,0.0,1,2,s23,107.16545908777314,0
624,0.0,0.0,0.0,1,2,s24,69.27779127126058,1
625,0.0,0.0,0.0,1,2,s25,55.92563683323955,1
626,0.0,0.0,0.0,1,2,s26,104.51203405514823,1
627,0.0,0.0,0.0,1,2,s27,79.98646667806443,1
628,0.0,0.0,0.0,1,2,s28,114.06099130625348,0
629,0.0,0.0,0.0,1,2,s29,36.749334544203485,1
630,0.0,0.0,0.0,1,2,s30,24.78440120694185,1
631,0.0,0.0,0.0,1,2,s31,130.55324345099692,0
632,0.0,0.0,0.0,1,2,s32,121.56529414643624,0
633,0.0,0.0,0.0,1,2,s33,44.598370198501264,1
634,0.0,0.0,0.0,1,2,s34,74.87374561835652,0
635,0.0,0.0,0.0,1,2,s35,57.90413562773553,0
636,0.0,0.0,0.0,1,2,s36,43.43384595965777,1
637,0.0,0.0,0.0,1,2,s37,104.95401468691662,0
638,0.0,0.0,0.0,1,2,s38,77.8670797469697,0
639,0.0,0.0,0.0,1,2,s39,97.96443952949524,0
640,0.0,0.0,0.0,1,2,s40,101.2328980004464,1
641,0.0,0.0,0.0,1,2,s41,47.43674423753605,1
642,0.0,0.0,0.0,1,2,s42,12.647581181770242,1
643,0.0,0.0,0.0,1,2,s43,90.88863353595198,1
644,0.0,0.0,0.0,1,2,s44,33.83100528646747,1
645,0.0,0.0,0.0,1,2,s45,91.8818193778518,0
646,0.0,0.0,0.0,1,2,s46,92.06021260476338,1
647,0.0,0.0,0.0,1,2,s47,107.45591969753218,0
648,0.0,0.0,0.0,1,2,s48,79.19235108076109,0
649,0.0,0.0,0.0,1,2,s49,118.61135319242156,1
650,0.0,0.0,0.0,1,2,s50,71.26531272306863,0
651,0.0,0.0,0.0,1,2,s51,76.84426822584226,1
652,0.0,0.0,0.0,1,2,s52,60.44092528364659,1
653,0.0,0.0,0.0,1,2,s53,137.52410751072608,0
654,0.0,0.0,0.0,1,2,s54,104.51957655342326,1
655,0.0,0.0,0.0,1,2,s55,92.12599753756042,0
656,0.0,0.0,0.0,1,2,s56,37.2450021661674,1
657,0.0,0.0,0.0,1,2,s57,46.37507950636007,1
658,0.0,0.0,0.0,1,2,s58,90.5941826887102,1
659,0.0,0.0,0.0,1,2,s59,26.125824717230717,1
660,0.0,0.0,0.0,1,2,s60,147.35547114591407,0
661,0.0,0.0,0.0,1,2,s61,60.856759369880805,0
662,0.0,0.0,0.0,1,2,s62,30.63802131937769,1
663,0.0,0.0,0.0,1,2,s63,99.0767746280678,0
664,0.0,0.0,0.0,1,2,s64,124.58505307676634,0
665,0.0,0.0,0.0,1,2,s65,16.878673815192336,1
666,0.0,0.0,0.0,1,2,s66,101.925294343409,0
667,0.0,0.0,0.0,1,2,s67,30.33730807013182,1
668,0.0,0.0,0.0,1,2,s68,92.65693142739116,1
669,0.0,0.0,0.0,1,2,s69,46.06061447388738,0
670,0.0,0.0,0.0,1,2,s70,82.46872524006916,0
671,0.0,0.0,0.0,1,2,s71,86.01210208152308,1
672,0.0,0.0,0.0,1,2,s72,108.66690604937266,0
673,0.0,0.0,0.0,1,2,s73,95.61599311561274,0
674,0.0,0.0,0.0,1,2,s74,44.9997325426968,1
675,0.0,0.0,0.0,1,2,s75,12.080071215114693,1
676,0.0,0.0,0.0,1,2,s76,28.807434232521807,1
677,0.0,0.0,0.0,1,2,s77,33.9495532868868,1
678,0.0,0.0,0.0,1,2,s78,125.6527697752131,0
679,0.0,0.0,0.0,1,2,s79,87.71443530283874,1
680,0.0,0.0,0.0,1,2,s80,139.75039122470494,0
681,0.0,0.0,0.0,1,2,s81,63.4274877228332,1
682,0.0,0.0,0.0,1,2,s82,69.34922304641705,1
683,0.0,0.0,0.0,1,2,s83,37.77353597259822,0
684,0.0,0.0,0.0,1,2,s84,33.92949248417591,1
685,0.0,0.0,0.0,1,2,s85,110.1184409868744,0
686,0.0,0.0,0.0,1,2,s86,93.3782793962653,0
687,0.0,0.0,0.0,1,2,s87,107.89324528388374,0
688,0.0,0.0,0.0,1,2,s88,83.10627058042525,0
689,0.0,0.0,0.0,1,2,s89,118.53167889168756,0
690,0.0,0.0,0.0,1,2,s90,46.545121572877946,1
691,0.0,0.0,0.0,1,2,s91,95.15220248448732,0
692,0.0,0.0,0.0,1,2,s92,103.07334427695068,0
693,0.0,0.0,0.0,1,2,s93,110.60407016581716,0
694,0.0,0.0,0.0,1,2,s94,99.06421670060324,1
695,0.0,0.0,0.0,1,2,s95,78.63794064582231,1
696,0.0,0.0,0.0,1,2,s96,87.73641205876649,1
697,0.0,0.0,0.0,1,2,s97,117.16937281932498,0
698,0.0,0.0,0.0,1,2,s98,79.00855320194,1
699,0.0,0.0,0.0,1,2,s99,82.9049188383455,1
700,0.0,0.0,0.0,1,3,s0,87.24648809612748,0
701,0.0,0.0,0.0,1,3,s1,78.2620227390377,1
702,0.0,0.0,0.0,1,3,s2,58.82438821390615,0
703,0.0,0.0,0.0,1,3,s3,58.7414181850107,1
704,0.0,0.0,0.0,1,3,s4,51.52136012655755,0
705,0.0,0.0,0.0,1,3,s5,49.331962384466095,1
706,0.0,0.0,0.0,1,3,s6,13.646324639835257,1
707,0.0,0.0,0.0,1,3,s7,70.82045880067415,1
708,0.0,0.0,0.0,1,3,s8,71.19514120577276,0
709,0.0,0.0,0.0,1,3,s9,93.7457385645416,1
710,0.0,0.0,0.0,1,3,s10,148.43466588961843,0
711,0.0,0.0,0.0,1,3,s11,70.91215086747059,1
712,0.0,0.0,0.0,1,3,s12,33.24896137827551,1
713,0.0,0.0,0.0,1,3,s13,85.38444562273155,0
714,0.0,0.0,0.0,1,3,s14,95.36918704890552,0
715,0.0,0.0,0.0,1,3,s15,75.15029392499889,1
716,0.0,0.0,0.0,1,3,s16,81.73518865294531,1
717,0.0,0.0,0.0,1,3,s17,64.75709208712058,1
718,0.0,0.0,0.0,1,3,s18,101.14361231556816,0
719,0.0,0.0,0.0,1,3,s19,84.3466201483025,0
720,0.0,0.0,0.0,1,3,s20,134.20058556895634,0
721,0.0,0.0,0.0,1,3,s21,64.56612194769473,0
722,0.0,0.0,0.0,1,3,s22,64.26775067725517,0
723,0.0,0.0,0.0,1,3,s23,107.16545908777314,0
724,0.0,0.0,0.0,1,3,s24,69.27779127126058,1
725,0.0,0.0,0.0,1,3,s25,55.92563683323955,1
726,0.0,0.0,0.0,1,3,s26,104.51203405514823,1
727,0.0,0.0,0.0,1,3,s27,79.98646667806443,1
728,0.0,0.0,0.0,1,3,s28,114.06099130625348,0
729,0.0,0.0,0.0,1,3,s29,36.749334544203485,1
730,0.0,0.0,0.0,1,3,s30,24.78440120694185,1
731,0.0,0.0,0.0,1,3,s31,130.55324345099692,0
732,0.0,0.0,0.0,1,3,s32,121.56529414643624,0
733,0.0,0.0,0.0,1,3,s33,44.598370198501264,1
734,0.0,0.0,0.0,1,3,s34,74.87374561835652,0
735,0.0,0.0,0.0,1,3,s35,57.90413562773553,0
736,0.0,0.0,0.0,1,3,s36,43.43384595965777,1
737,0.0,0.0,0.0,1,3,s37,104.95401468691662,0
738,0.0,0.0,0.0,1,3,s38,77.8670797469697,0
739,0.0,0.0,0.0,1,3,s39,97.96443952949524,0
740,0.0,0.0,0.0,1,3,s40,101.2328980004464,1
741,0.0,0.0,0.0,1,3,s41,47.43674423753605,1
742,0.0,0.0,0.0,1,3,s42,12.647581181770242,1
743,0.0,0.0,0.0,1,3,s43,90.88863353595198,1
744,0.0,0.0,0.0,1,3,s44,33.83100528646747,1
745,0.0,0.0,0.0,1,3,s45,91.8818193778518,0
746,0.0,0.0,0.0,1,3,s46,92.06021260476338,1
747,0.0,0.0,0.0,1,3,s47,107.45591969753218,0
748,0.0,0.0,0.0,1,3,s48,79.19235108076109,0
749,0.0,0.0,0.0,1,3,s49,118.61135319242156,1
750,0.0,0.0,0.0,1,3,s50,71.26531272306863,0
751,0.0,0.0,0.0,1,3,s51,76.84426822584226,1
752,0.0,0.0,0.0,1,3,s52,60.44092528364659,1
753,0.0,0.0,0.0,1,3,s53,137.52410751072608,0
754,0.0,0.0,0.0,1,3,s54,104.51957655342326,1
755,0.0,0.0,0.0,1,3,s55,92.12599753756042,0
756,0.0,0.0,0.0,1,3,s56,37.2450021661674,1
757,0.0,0.0,0.0,1,3,s57,46.37507950636007,1
758,0.0,0.0,0.0,1,3,s58,90.5941826887102,1
759,0.0,0.0,0.0,1,3,s59,26.125824717230717,1
760,0.0,0.0,0.0,1,3,s60,147.35547114591407,0
761,0.0,0.0,0.0,1,3,s61,60.856759369880805,0
762,0.0,0.0,0.0,1,3,s62,30.63802131937769,1
763,0.0,0.0,0.0,1,3,s63,99.0767746280678,0
764,0.0,0.0,0.0,1,3,s64,124.58505307676634,0
765,0.0,0.0,0.0,1,3,s65,16.878673815192336,1
766,0.0,0.0,0.0,1,3,s66,101.925294343409,0
767,0.0,0.0,0.0,1,3,s67,30.33730807013182,1
768,0.0,0.0,0.0,1,3,s68,92.65693142739116,1
769,0.0,0.0,0.0,1,3,s69,46.06061447388738,0
770,0.0,0.0,0.0,1,3,s70,82.46872524006916,0
771,0.0,0.0,0.0,1,3,s71,86.01210208152308,1
772,0.0,0.0,0.0,1,3,s72,108.66690604937266,0
773,0.0,0.0,0.0,1,3,s73,95.61599311561274,0
774,0.0,0.0,0.0,1,3,s74,44.9997325426968,1
775,0.0,0.0,0.0,1,3,s75,12.080071215114693,1
776,0.0,0.0,0.0,1,3,s76,28.807434232521807,1
777,0.0,0.0,0.0,1,3,s77,33.9495532868868,1
778,0.0,0.0,0.0,1,3,s78,125.6527697752131,0
779,0.0,0.0,0.0,1,3,s79,87.71443530283874,1
780,0.0,0.0,0.0,1,3,s80,139.75039122470494,0
781,0.0,0.0,0.0,1,3,s81,63.4274877228332,1
782,0.0,0.0,0.0,1,3,s82,69.34922304641705,1
783,0.0,0.0,0.0,1,3,s83,37.77353597259822,0
784,0.0,0.0,0.0,1,3,s84,33.92949248417591,1
785,0.0,0.0,0.0,1,3,s85,110.1184409868744,0
786,0.0,0.0,0.0,1,3,s86,93.3782793962653,0
787,0.0,0.0,0.0,1,3,s87,107.89324528388374,0
788,0.0,0.0,0.0,1,3,s88,83.10627058042525,0
789,0.0,0.0,0.0,1,3,s89,118.53167889168756,0
790,0.0,0.0,0.0,1,3,s90,46.545121572877946,1
791,0.0,0.0,0.0,1,3,s91,95.15220248448732,0
792,0.0,0.0,0.0,1,3,s92,103.07334427695068,0
793,0.0,0.0,0.0,1,3,s93,110.60407016581716,0
794,0.0,0.0,0.0,1,3,s94,99.06421670060324,1
795,0.0,0.0,0.0,1,3,s95,78.63794064582231,1
796,0.0,0.0,0.0,1,3,s96,87.73641205876649,1
797,0.0,0.0,0.0,1,3,s97,117.16937281932498,0
798,0.0,0.0,0.0,1,3,s98,79.00855320194,1
799,0.0,0.0,0.0,1,3,s99,82.9049188383455,1
800,1.0,0.0,17.758474323159028,2,0,s0,64.39379904907146,1
801,1.0,0.0,17.758474323159028,2,0,s1,64.66453211875032,1
802,1.0,1.0,0.0,2,0,s2,14.213737354837887,1
803,1.0,0.0,17.758474323159028,2,0,s3,47.586174341375,1
804,1.0,0.0,17.758474323159028,2,0,s4,22.556134346261366,1
805,0.0,0.0,0.0,2,0,s5,81.7483249225916,0
806,1.0,0.0,17.758474323159028,2,0,s6,26.659696839520485,1
807,1.0,0.0,17.758474323159028,2,0,s7,22.66416667894976,1
808,0.0,0.0,0.0,2,0,s8,57.54484042116962,0
809,1.0,0.0,17.758474323159028,2,0,s9,97.07273689290068,1
810,1.0,0.0,17.758474323159028,2,0,s10,66.90223894382075,1
811,0.0,0.0,0.0,2,0,s11,82.7991107771154,0
812,1.0,0.0,17.758474323159028,2,0,s12,74.67316256984925,1
813,1.0,0.0,17.758474323159028,2,0,s13,42.158437980748616,1
814,1.0,0.0,17.758474323159028,2,0,s14,18.594684215941413,1
815,1.0,0.0,17.758474323159028,2,0,s15,26.6464210566187,1
816,1.0,0.0,17.758474323159028,2,0,s16,142.62957185018016,1
817,1.0,0.0,17.758474323159028,2,0,s17,46.32286024706619,1
818,1.0,0.0,17.758474323159028,2,0,s18,22.452830412600264,1
819,0.0,0.0,0.0,2,0,s19,102.05098000667668,0
820,1.0,0.0,17.758474323159028,2,0,s20,69.88042813901957,1
821,0.0,0.0,0.0,2,0,s21,124.2482054369612,0
822,1.0,0.0,17.758474323159028,2,0,s22,73.90757192608503,1
823,0.0,0.0,0.0,2,0,s23,102.59028671158632,0
824,1.0,0.0,17.758474323159028,2,0,s24,35.43357374471698,1
825,1.0,0.0,17.758474323159028,2,0,s25,40.90074862028372,1
826,1.0,0.0,17.758474323159028,2,0,s26,66.09734381642433,1
827,1.0,0.0,17.758474323159028,2,0,s27,68.54233672710666,1
828,1.0,0.0,17.758474323159028,2,0,s28,62.38581721654215,1
829,1.0,0.0,17.758474323159028,2,0,s29,102.61125122919458,1
830,1.0,0.0,17.758474323159028,2,0,s30,79.13068904479671,1
831,1.0,0.0,17.758474323159028,2,0,s31,75.5024356966131,1
832,1.0,0.0,17.758474323159028,2,0,s32,39.33106694143135,1
833,0.0,0.0,0.0,2,0,s33,82.92662434846116,0
834,0.0,0.0,0.0,2,0,s34,96.33985171517313,0
835,1.0,0.0,17.758474323159028,2,0,s35,38.466514189233166,1
836,0.0,0.0,0.0,2,0,s36,145.5269456793672,0
837,0.0,0.0,0.0,2,0,s37,107.92377262747232,0
838,0.0,0.0,0.0,2,0,s38,40.91299706979688,0
839,1.0,0.0,17.758474323159028,2,0,s39,58.115022682073445,1
840,1.0,0.0,17.758474323159028,2,0,s40,85.04768914390289,1
841,1.0,0.0,17.758474323159028,2,0,s41,56.61663648837481,1
842,1.0,0.0,17.758474323159028,2,0,s42,54.033519157158935,1
843,0.0,0.0,0.0,2,0,s43,74.71861678064379,0
844,1.0,0.0,17.758474323159028,2,0,s44,44.303366757979575,1
845,1.0,1.0,0.0,2,0,s45,13.1672495428857,1
846,0.0,0.0,0.0,2,0,s46,142.2650567764943,0
847,1.0,0.0,17.758474323159028,2,0,s47,64.9154205806652,1
848,0.0,0.0,0.0,2,0,s48,88.98147253166267,0
849,1.0,0.0,17.758474323159028,2,0,s49,43.35667390086736,1
850,1.0,0.0,17.758474323159028,2,0,s50,54.09601955140947,1
851,1.0,0.0,17.758474323159028,2,0,s51,97.61884795348736,1
852,0.0,0.0,0.0,2,0,s52,89.39550390848062,0
853,1.0,0.0,17.758474323159028,2,0,s53,48.36837398994541,1
854,1.0,0.0,17.758474323159028,2,0,s54,106.97926714359744,1
855,1.0,0.0,17.758474323159028,2,0,s55,88.19014343420295,1
856,1.0,0.0,17.758474323159028,2,0,s56,70.29455767913359,1
857,1.0,0.0,17.758474323159028,2,0,s57,104.71152791146989,1
858,1.0,0.0,17.758474323159028,2,0,s58,97.83023385421568,1
859,1.0,0.0,17.758474323159028,2,0,s59,80.64201839814363,1
860,0.0,0.0,0.0,2,0,s60,108.82484028134591,0
861,0.0,0.0,0.0,2,0,s61,87.8609409919214,0
862,1.0,0.0,17.758474323159028,2,0,s62,91.3310504262054,1
863,1.0,0.0,17.758474323159028,2,0,s63,50.85703023750959,1
864,0.0,0.0,0.0,2,0,s64,103.83983514619634,0
865,1.0,0.0,17.758474323159028,2,0,s65,88.88439207910757,1
866,1.0,0.0,17.758474323159028,2,0,s66,65.81534974054514,1
867,0.0,0.0,0.0,2,0,s67,53.20163243504041,0
868,0.0,0.0,0.0,2,0,s68,76.5489862523895,0
869,1.0,0.0,17.758474323159028,2,0,s69,67.78284969046196,1
870,1.0,0.0,17.758474323159028,2,0,s70,25.824409172861635,1
871,0.0,0.0,0.0,2,0,s71,122.93646337249244,0
872,1.0,0.0,17.758474323159028,2,0,s72,47.79730442425226,1
873,0.0,0.0,0.0,2,0,s73,83.60733259856525,0
874,1.0,0.0,17.758474323159028,2,0,s74,56.32212601685646,1
875,1.0,0.0,17.758474323159028,2,0,s75,49.06720975715388,1
876,0.0,0.0,0.0,2,0,s76,60.04927036205867,0
877,0.0,0.0,0.0,2,0,s77,74.38918673738395,0
878,1.0,0.0,17.758474323159028,2,0,s78,49.83139261638987,1
879,1.0,0.0,17.758474323159028,2,0,s79,67.47841623286706,1
880,1.0,0.0,17.758474323159028,2,0,s80,37.06322151860536,1
881,1.0,0.0,17.758474323159028,2,0,s81,61.9953121218114,1
882,0.0,0.0,0.0,2,0,s82,107.72320060636652,0
883,0.0,0.0,0.0,2,0,s83,89.22304293996062,0
884,1.0,0.0,17.758474323159028,2,0,s84,124.82132568665556,1
885,0.0,0.0,0.0,2,0,s85,104.83192592679583,0
886,1.0,0.0,17.758474323159028,2,0,s86,28.977395575256573,1
887,0.0,0.0,0.0,2,0,s87,102.07627254607208,0
888,1.0,0.0,17.758474323159028,2,0,s88,39.61216229482271,1
889,0.0,0.0,0.0,2,0,s89,66.42814683602143,0
890,1.0,0.0,17.758474323159028,2,0,s90,97.74263140394164,1
891,1.0,0.0,17.758474323159028,2,0,s91,34.963204364204955,1
892,1.0,0.0,17.758474323159028,2,0,s92,76.34335172715758,1
893,0.0,0.0,0.0,2,0,s93,65.43033279094607,0
894,0.0,0.0,0.0,2,0,s94,100.80070441872974,0
895,0.0,0.0,0.0,2,0,s95,113.24914606893518,0
896,1.0,0.0,17.758474323159028,2,0,s96,66.28406238894043,1
897,0.0,0.0,0.0,2,0,s97,58.6084157829263,0
898,1.0,0.0,17.758474323159028,2,0,s98,30.310834279226555,1
899,1.0,0.0,17.758474323159028,2,0,s99,109.0369473977438,1
900,0.0,0.0,0.0,2,1,s0,64.39379904907146,1
901,0.0,0.0,0.0,2,1,s1,64.66453211875032,1
902,0.0,0.0,0.0,2,1,s2,14.213737354837887,1
903,0.0,0.0,0.0,2,1,s3,47.586174341375,1
904,0.0,0.0,0.0,2,1,s4,22.556134346261366,1
905,0.0,0.0,0.0,2,1,s5,81.7483249225916,0
906,0.0,0.0,0.0,2,1,s6,26.659696839520485,1
907,0.0,0.0,0.0,2,1,s7,22.66416667894976,1
908,0.0,0.0,0.0,2,1,s8,57.54484042116962,0
909,0.0,0.0,0.0,2,1,s9,97.07273689290068,1
910,0.0,0.0,0.0,2,1,s10,66.90223894382075,1
911,0.0,0.0,0.0,2,1,s11,82.7991107771154,0
912,0.0,0.0,0.0,2,1,s12,74.67316256984925,1
913,0.0,0.0,0.0,2,1,s13,42.158437980748616,1
914,0.0,0.0,0.0,2,1,s14,18.594684215941413,1
915,0.0,0.0,0.0,2,1,s15,26.6464210566187,1
916,0.0,0.0,0.0,2,1,s16,142.62957185018016,1
917,0.0,0.0,0.0,2,1,s17,46.32286024706619,1
918,0.0,0.0,0.0,2,1,s18,22.452830412600264,1
919,0.0,0.0,0.0,2,1,s19,102.05098000667668,0
920,0.0,0.0,0.0,2,1,s20,69.88042813901957,1
921,0.0,0.0,0.0,2,1,s21,124.2482054369612,0
922,0.0,0.0,0.0,2,1,s22,73.90757192608503,1
923,0.0,0.0,0.0,2,1,s23,102.59028671158632,0
924,0.0,0.0,0.0,2,1,s24,35.43357374471698,1
925,0.0,0.0,0.0,2,1,s25,40.90074862028372,1
926,0.0,0.0,0.0,2,1,s26,66.09734381642433,1
927,0.0,0.0,0.0,2,1,s27,68.54233672710666,1
928,0.0,0.0,0.0,2,1,s28,62.38581721654215,1
929,0.0,0.0,0.0,2,1,s29,102.61125122919458,1
930,0.0,0.0,0.0,2,1,s30,79.13068904479671,1
931,0.0,0.0,0.0,2,1,s31,75.5024356966131,1
932,0.0,0.0,0.0,2,1,s32,39.33106694143135,1
933,0.0,0.0,0.0,2,1,s33,82.92662434846116,0
934,0.0,0.0,0.0,2,1,s34,96.33985171517313,0
935,0.0,0.0,0.0,2,1,s35,38.466514189233166,1
936,0.0,0.0,0.0,2,1,s36,145.5269456793672,0
937,0.0,0.0,0.0,2,1,s37,107.92377262747232,0
938,0.0,0.0,0.0,2,1,s38,40.91299706979688,0
939,0.0,0.0,0.0,2,1,s39,58.115022682073445,1
940,0.0,0.0,0.0,2,1,s40,85.04768914390289,1
941,0.0,0.0,0.0,2,1,s41,56.61663648837481,1
942,0.0,0.0,0.0,2,1,s42,54.033519157158935,1
943,0.0,0.0,0.0,2,1,s43,74.71861678064379,0
944,0.0,0.0,0.0,2,1,s44,44.303366757979575,1
945,0.0,0.0,0.0,2,1,s45,13.1672495428857,1
946,0.0,0.0,0.0,2,1,s46,142.2650567764943,0
947,0.0,0.0,0.0,2,1,s47,64.9154205806652,1
948,0.0,0.0,0.0,2,1,s48,88.98147253166267,0
949,0.0,0.0,0.0,2,1,s49,43.35667390086736,1
950,0.0,0.0,0.0,2,1,s50,54.09601955140947,1
951,0.0,0.0,0.0,2,1,s51,97.61884795348736,1
952,0.0,0.0,0.0,2,1,s52,89.39550390848062,0
953,0.0,0.0,0.0,2,1,s53,48.36837398994541,1
954,0.0,0.0,0.0,2,1,s54,106.97926714359744,1
955,0.0,0.0,0.0,2,1,s55,88.19014343420295,1
956,0.0,0.0,0.0,2,1,s56,70.29455767913359,1
957,0.0,0.0,0.0,2,1,s57,104.71152791146989,1
958,0.0,0.0,0.0,2,1,s58,97.83023385421568,1
959,0.0,0.0,0.0,2,1,s59,80.64201839814363,1
960,0.0,0.0,0.0,2,1,s60,108.82484028134591,0
961,0.0,0.0,0.0,2,1,s61,87.8609409919214,0
962,0.0,0.0,0.0,2,1,s62,91.3310504262054,1
963,0.0,0.0,0.0,2,1,s63,50.85703023750959,1
964,0.0,0.0,0.0,2,1,s64,103.83983514619634,0
965,0.0,0.0,0.0,2,1,s65,88.88439207910757,1
966,0.0,0.0,0.0,2,1,s66,65.81534974054514,1
967,0.0,0.0,0.0,2,1,s67,53.20163243504041,0
968,0.0,0.0,0.0,2,1,s68,76.5489862523895,0
969,0.0,0.0,0.0,2,1,s69,67.78284969046196,1
970,0.0,0.0,0.0,2,1,s70,25.824409172861635,1
971,0.0,0.0,0.0,2,1,s71,122.93646337249244,0
972,0.0,0.0,0.0,2,1,s72,47.79730442425226,1
973,0.0,0.0,0.0,2,1,s73,83.60733259856525,0
974,0.0,0.0,0.0,2,1,s74,56.32212601685646,1
975,0.0,0.0,0.0,2,1,s75,49.06720975715388,1
976,0.0,0.0,0.0,2,1,s76,60.04927036205867,0
977,0.0,0.0,0.0,2,1,s77,74.38918673738395,0
978,0.0,0.0,0.0,2,1,s78,49.83139261638987,1
979,0.0,0.0,0.0,2,1,s79,67.47841623286706,1
980,0.0,0.0,0.0,2,1,s80,37.06322151860536,1
981,0.0,0.0,0.0,2,1,s81,61.9953121218114,1
982,0.0,0.0,0.0,2,1,s82,107.72320060636652,0
983,0.0,0.0,0.0,2,1,s83,89.22304293996062,0
984,0.0,0.0,0.0,2,1,s84,124.82132568665556,1
985,0.0,0.0,0.0,2,1,s85,104.83192592679583,0
986,0.0,0.0,0.0,2,1,s86,28.977395575256573,1
987,0.0,0.0,0.0,2,1,s87,102.07627254607208,0
988,0.0,0.0,0.0,2,1,s88,39.61216229482271,1
989,0.0,0.0,0.0,2,1,s89,66.42814683602143,0
990,0.0,0.0,0.0,2,1,s90,97.74263140394164,1
991,0.0,0.0,0.0,2,1,s91,34.963204364204955,1
992,0.0,0.0,0.0,2,1,s92,76.34335172715758,1
993,0.0,0.0,0.0,2,1,s93,65.43033279094607,0
994,0.0,0.0,0.0,2,1,s94,100.80070441872974,0
995,0.0,0.0,0.0,2,1,s95,113.24914606893518,0
996,0.0,0.0,0.0,2,1,s96,66.28406238894043,1
997,0.0,0.0,0.0,2,1,s97,58.6084157829263,0
998,0.0,0.0,0.0,2,1,s98,30.310834279226555,1
999,0.0,0.0,0.0,2,1,s99,109.0369473977438,1
1000,0.0,0.0,0.0,2,2,s0,64.39379904907146,1
1001,0.0,0.0,0.0,2,2,s1,64.66453211875032,1
1002,0.0,0.0,0.0,2,2,s2,14.213737354837887,1
1003,0.0,0.0,0.0,2,2,s3,47.586174341375,1
1004,0.0,0.0,0.0,2,2,s4,22.556134346261366,1
1005,0.0,0.0,0.0,2,2,s5,81.7483249225916,0
1006,0.0,0.0,0.0,2,2,s6,26.659696839520485,1
1007,0.0,0.0,0.0,2,2,s7,22.66416667894976,1
1008,0.0,0.0,0.0,2,2,s8,57.54484042116962,0
1009,0.0,0.0,0.0,2,2,s9,97.07273689290068,1
1010,0.0,0.0,0.0,2,2,s10,66.90223894382075,1
1011,0.0,0.0,0.0,2,2,s11,82.7991107771154,0
1012,0.0,0.0,0.0,2,2,s12,74.67316256984925,1
1013,0.0,0.0,0.0,2,2,s13,42.158437980748616,1
1014,0.0,0.0,0.0,2,2,s14,18.594684215941413,1
1015,0.0,0.0,0.0,2,2,s15,26.6464210566187,1
1016,0.0,0.0,0.0,2,2,s16,142.62957185018016,1
1017,0.0,0.0,0.0,2,2,s17,46.32286024706619,1
1018,0.0,0.0,0.0,2,2,s18,22.452830412600264,1
1019,0.0,0.0,0.0,2,2,s19,102.05098000667668,0
1020,0.0,0.0,0.0,2,2,s20,69.88042813901957,1
1021,0.0,0.0,0.0,2,2,s21,124.2482054369612,0
1022,0.0,0.0,0.0,2,2,s22,73.90757192608503,1
1023,0.0,0.0,0.0,2,2,s23,102.59028671158632,0
1024,0.0,0.0,0.0,2,2,s24,35.43357374471698,1
1025,0.0,0.0,0.0,2,2,s25,40.90074862028372,1
1026,0.0,0.0,0.0,2,2,s26,66.09734381642433,1
1027,0.0,0.0,0.0,2,2,s27,68.54233672710666,1
1028,0.0,0.0,0.0,2,2,s28,62.38581721654215,1
1029,0.0,0.0,0.0,2,2,s29,102.61125122919458,1
1030,0.0,0.0,0.0,2,2,s30,79.13068904479671,1
1031,0.0,0.0,0.0,2,2,s31,75.5024356966131,1
1032,0.0,0.0,0.0,2,2,s32,39.33106694143135,1
1033,0.0,0.0,0.0,2,2,s33,82.92662434846116,0
1034,0.0,0.0,0.0,2,2,s34,96.33985171517313,0
1035,0.0,0.0,0.0,2,2,s35,38.466514189233166,1
1036,0.0,0.0,0.0,2,2,s36,145.5269456793672,0
1037,0.0,0.0,0.0,2,2,s37,107.92377262747232,0
1038,0.0,0.0,0.0,2,2,s38,40.91299706979688,0
1039,0.0,0.0,0.0,2,2,s39,58.115022682073445,1
1040,0.0,0.0,0.0,2,2,s40,85.04768914390289,1
1041,0.0,0.0,0.0,2,2,s41,56.61663648837481,1
1042,0.0,0.0,0.0,2,2,s42,54.033519157158935,1
1043,0.0,0.0,0.0,2,2,s43,74.71861678064379,0
1044,0.0,0.0,0.0,2,2,s44,44.303366757979575,1
1045,0.0,0.0,0.0,2,2,s45,13.1672495428857,1
1046,0.0,0.0,0.0,2,2,s46,142.2650567764943,0
1047,0.0,0.0,0.0,2,2,s47,64.9154205806652,1
1048,0.0,0.0,0.0,2,2,s48,88.98147253166267,0
1049,0.0,0.0,0.0,2,2,s49,43.35667390086736,1
1050,0.0,0.0,0.0,2,2,s50,54.09601955140947,1
1051,0.0,0.0,0.0,2,2,s51,97.61884795348736,1
1052,0.0,0.0,0.0,2,2,s52,89.39550390848062,0
1053,0.0,0.0,0.0,2,2,s53,48.36837398994541,1
1054,0.0,0.0,0.0,2,2,s54,106.97926714359744,1
1055,0.0,0.0,0.0,2,2,s55,88.19014343420295,1
1056,0.0,0.0,0.0,2,2,s56,70.29455767913359,1
1057,0.0,0.0,0.0,2,2,s57,104.71152791146989,1
1058,0.0,0.0,0.0,2,2,s58,97.83023385421568,1
1059,0.0,0.0,0.0,2,2,s59,80.64201839814363,1
1060,0.0,0.0,0.0,2,2,s60,108.82484028134591,0
1061,0.0,0.0,0.0,2,2,s61,87.8609409919214,0
1062,0.0,0.0,0.0,2,2,s62,91.3310504262054,1
1063,0.0,0.0,0.0,2,2,s63,50.85703023750959,1
1064,0.0,0.0,0.0,2,2,s64,103.83983514619634,0
1065,0.0,0.0,0.0,2,2,s65,88.88439207910757,1
1066,0.0,0.0,0.0,2,2,s66,65.81534974054514,1
1067,0.0,0.0,0.0,2,2,s67,53.20163243504041,0
1068,0.0,0.0,0.0,2,2,s68,76.5489862523895,0
1069,0.0,0.0,0.0,2,2,s69,67.78284969046196,1
1070,0.0,0.0,0.0,2,2,s70,25.824409172861635,1
1071,0.0,0.0,0.0,2,2,s71,122.93646337249244,0
1072,0.0,0.0,0.0,2,2,s72,47.79730442425226,1
1073,0.0,0.0,0.0,2,2,s73,83.60733259856525,0
1074,0.0,0.0,0.0,2,2,s74,56.32212601685646,1
1075,0.0,0.0,0.0,2,2,s75,49.06720975715388,1
1076,0.0,0.0,0.0,2,2,s76,60.04927036205867,0
1077,0.0,0.0,0.0,2,2,s77,74.38918673738395,0
1078,0.0,0.0,0.0,2,2,s78,49.83139261638987,1
1079,0.0,0.0,0.0,2,2,s79,67.47841623286706,1
1080,0.0,0.0,0.0,2,2,s80,37.06322151860536,1
1081,0.0,0.0,0.0,2,2,s81,61.9953121218114,1
1082,0.0,0.0,0.0,2,2,s82,107.72320060636652,0
1083,0.0,0.0,0.0,2,2,s83,89.22304293996062,0
1084,0.0,0.0,0.0,2,2,s84,124.82132568665556,1
1085,0.0,0.0,0.0,2,2,s85,104.83192592679583,0
1086,0.0,0.0,0.0,2,2,s86,28.977395575256573,1
1087,0.0,0.0,0.0,2,2,s87,102.07627254607208,0
1088,0.0,0.0,0.0,2,2,s88,39.61216229482271,1
1089,0.0,0.0,0.0,2,2,s89,66.42814683602143,0
1090,0.0,0.0,0.0,2,2,s90,97.74263140394164,1
1091,0.0,0.0,0.0,2,2,s91,34.963204364204955,1
1092,0.0,0.0,0.0,2,2,s92,76.34335172715758,1
1093,0.0,0.0,0.0,2,2,s93,65.43033279094607,0
1094,0.0,0.0,0.0,2,2,s94,100.80070441872974,0
1095,0.0,0.0,0.0,2,2,s95,113.24914606893518,0
1096,0.0,0.0,0.0,2,2,s96,66.28406238894043,1
1097,0.0,0.0,0.0,2,2,s97,58.6084157829263,0
1098,0.0,0.0,0.0,2,2,s98,30.310834279226555,1
1099,0.0,0.0,0.0,2,2,s99,109.0369473977438,1
1100,0.0,0.0,0.0,2,3,s0,64.39379904907146,1
1101,0.0,0.0,0.0,2,3,s1,64.66453211875032,1
1102,0.0,0.0,0.0,2,3,s2,14.213737354837887,1
1103,0.0,0.0,0.0,2,3,s3,47.586174341375,1
1104,0.0,0.0,0.0,2,3,s4,22.556134346261366,1
1105,0.0,0.0,0.0,2,3,s5,81.7483249225916,0
1106,0.0,0.0,0.0,2,3,s6,26.659696839520485,1
1107,0.0,0.0,0.0,2,3,s7,22.66416667894976,1
1108,0.0,0.0,0.0,2,3,s8,57.54484042116962,0
1109,0.0,0.0,0.0,2,3,s9,97.07273689290068,1
1110,0.0,0.0,0.0,2,3,s10,66.90223894382075,1
1111,0.0,0.0,0.0,2,3,s11,82.7991107771154,0
1112,0.0,0.0,0.0,2,3,s12,74.67316256984925,1
1113,0.0,0.0,0.0,2,3,s13,42.158437980748616,1
1114,0.0,0.0,0.0,2,3,s14,18.594684215941413,1
1115,0.0,0.0,0.0,2,3,s15,26.6464210566187,1
1116,0.0,0.0,0.0,2,3,s16,142.62957185018016,1
1117,0.0,0.0,0.0,2,3,s17,46.32286024706619,1
1118,0.0,0.0,0.0,2,3,s18,22.452830412600264,1
1119,0.0,0.0,0.0,2,3,s19,102.05098000667668,0
1120,0.0,0.0,0.0,2,3,s20,69.88042813901957,1
1121,0.0,0.0,0.0,2,3,s21,124.2482054369612,0
1122,0.0,0.0,0.0,2,3,s22,73.90757192608503,1
1123,0.0,0.0,0.0,2,3,s23,102.59028671158632,0
1124,0.0,0.0,0.0,2,3,s24,35.43357374471698,1
1125,0.0,0.0,0.0,2,3,s25,40.90074862028372,1
1126,0.0,0.0,0.0,2,3,s26,66.09734381642433,1
1127,0.0,0.0,0.0,2,3,s27,68.54233672710666,1
1128,0.0,0.0,0.0,2,3,s28,62.38581721654215,1
1129,0.0,0.0,0.0,2,3,s29,102.61125122919458,1
1130,0.0,0.0,0.0,2,3,s30,79.13068904479671,1
1131,0.0,0.0,0.0,2,3,s31,75.5024356966131,1
1132,0.0,0.0,0.0,2,3,s32,39.33106694143135,1
1133,0.0,0.0,0.0,2,3,s33,82.92662434846116,0
1134,0.0,0.0,0.0,2,3,s34,96.33985171517313,0
1135,0.0,0.0,0.0,2,3,s35,38.466514189233166,1
1136,0.0,0.0,0.0,2,3,s36,145.5269456793672,0
1137,0.0,0.0,0.0,2,3,s37,107.92377262747232,0
1138,0.0,0.0,0.0,2,3,s38,40.91299706979688,0
1139,0.0,0.0,0.0,2,3,s39,58.115022682073445,1
1140,0.0,0.0,0.0,2,3,s40,85.04768914390289,1
1141,0.0,0.0,0.0,2,3,s41,56.61663648837481,1
1142,0.0,0.0,0.0,2,3,s42,54.033519157158935,1
1143,0.0,0.0,0.0,2,3,s43,74.71861678064379,0
1144,0.0,0.0,0.0,2,3,s44,44.303366757979575,1
1145,0.0,0.0,0.0,2,3,s45,13.1672495428857,1
1146,0.0,0.0,0.0,2,3,s46,142.2650567764943,0
1147,0.0,0.0,0.0,2,3,s47,64.9154205806652,1
1148,0.0,0.0,0.0,2,3,s48,88.98147253166267,0
1149,0.0,0.0,0.0,2,3,s49,43.35667390086736,1
1150,0.0,0.0,0.0,2,3,s50,54.09601955140947,1
1151,0.0,0.0,0.0,2,3,s51,97.61884795348736,1
1152,0.0,0.0,0.0,2,3,s52,89.39550390848062,0
1153,0.0,0.0,0.0,2,3,s53,48.36837398994541,1
1154,0.0,0.0,0.0,2,3,s54,106.97926714359744,1
1155,0.0,0.0,0.0,2,3,s55,88.19014343420295,1
1156,0.0,0.0,0.0,2,3,s56,70.29455767913359,1
1157,0.0,0.0,0.0,2,3,s57,104.71152791146989,1
1158,0.0,0.0,0.0,2,3,s58,97.83023385421568,1
1159,0.0,0.0,0.0,2,3,s59,80.64201839814363,1
1160,0.0,0.0,0.0,2,3,s60,108.82484028134591,0
1161,0.0,0.0,0.0,2,3,s61,87.8609409919214,0
1162,0.0,0.0,0.0,2,3,s62,91.3310504262054,1
1163,0.0,0.0,0.0,2,3,s63,50.85703023750959,1
1164,0.0,0.0,0.0,2,3,s64,103.83983514619634,0
1165,0.0,0.0,0.0,2,3,s65,88.88439207910757,1
1166,0.0,0.0,0.0,2,3,s66,65.81534974054514,1
1167,0.0,0.0,0.0,2,3,s67,53.20163243504041,0
1168,0.0,0.0,0.0,2,3,s68,76.5489862523895,0
1169,0.0,0.0,0.0,2,3,s69,67.78284969046196,1
1170,0.0,0.0,0.0,2,3,s70,25.824409172861635,1
1171,0.0,0.0,0.0,2,3,s71,122.93646337249244,0
1172,0.0,0.0,0.0,2,3,s72,47.79730442425226,1
1173,0.0,0.0,0.0,2,3,s73,83.60733259856525,0
1174,0.0,0.0,0.0,2,3,s74,56.32212601685646,1
1175,0.0,0.0,0.0,2,3,s75,49.06720975715388,1
1176,0.0,0.0,0.0,2,3,s76,60.04927036205867,0
1177,0.0,0.0,0.0,2,3,s77,74.38918673738395,0
1178,0.0,0.0,0.0,2,3,s78,49.83139261638987,1
1179,0.0,0.0,0.0,2,3,s79,67.47841623286706,1
1180,0.0,0.0,0.0,2,3,s80,37.06322151860536,1
1181,0.0,0.0,0.0,2,3,s81,61.9953121218114,1
1182,0.0,0.0,0.0,2,3,s82,107.72320060636652,0
1183,0.0,0.0,0.0,2,3,s83,89.22304293996062,0
1184,0.0,0.0,0.0,2,3,s84,124.82132568665556,1
1185,0.0,0.0,0.0,2,3,s85,104.83192592679583,0
1186,0.0,0.0,0.0,2,3,s86,28.977395575256573,1
1187,0.0,0.0,0.0,2,3,s87,102.07627254607208,0
1188,0.0,0.0,0.0,2,3,s88,39.61216229482271,1
1189,0.0,0.0,0.0,2,3,s89,66.42814683602143,0
1190,0.0,0.0,0.0,2,3,s90,97.74263140394164,1
1191,0.0,0.0,0.0,2,3,s91,34.963204364204955,1
1192,0.0,0.0,0.0,2,3,s92,76.34335172715758,1
1193,0.0,0.0,0.0,2,3,s93,65.43033279094607,0
1194,0.0,0.0,0.0,2,3,s94,100.80070441872974,0
1195,0.0,0.0,0.0,2,3,s95,113.24914606893518,0
1196,0.0,0.0,0.0,2,3,s96,66.28406238894043,1
1197,0.0,0.0,0.0,2,3,s97,58.6084157829263,0
1198,0.0,0.0,0.0,2,3,s98,30.310834279226555,1
1199,0.0,0.0,0.0,2,3,s99,109.0369473977438,1
1200,1.0,0.0,17.51341358485722,3,0,s0,100.815351968436,1
1201,1.0,0.0,17.51341358485722,3,0,s1,19.522792353997787,1
1202,1.0,0.0,17.51341358485722,3,0,s2,25.54272810158141,1
1203,0.0,0.0,0.0,3,0,s3,105.07224916211082,0
1204,0.0,0.0,0.0,3,0,s4,106.76534875724175,0
1205,0.0,0.0,0.0,3,0,s5,91.87103087510276,0
1206,0.0,0.0,0.0,3,0,s6,122.75754655172696,0
1207,1.0,0.0,17.51341358485722,3,0,s7,46.84742718328211,1
1208,0.0,0.0,0.0,3,0,s8,64.67327108523895,0
1209,1.0,0.0,17.51341358485722,3,0,s9,64.34521912264397,1
1210,1.0,0.0,17.51341358485722,3,0,s10,57.938747594834894,1
1211,0.0,0.0,0.0,3,0,s11,82.98714163971742,0
1212,0.0,0.0,0.0,3,0,s12,80.76748370088617,0
1213,1.0,0.0,17.51341358485722,3,0,s13,87.83326901523488,1
1214,1.0,0.0,17.51341358485722,3,0,s14,53.59273404452851,1
1215,0.0,0.0,0.0,3,0,s15,91.3454513450283,0
1216,0.0,0.0,0.0,3,0,s16,69.60525530163095,0
1217,0.0,0.0,0.0,3,0,s17,128.82475232765174,0
1218,1.0,0.0,17.51341358485722,3,0,s18,54.18480666170076,1
1219,1.0,0.0,17.51341358485722,3,0,s19,94.53262545965389,1
1220,1.0,0.0,17.51341358485722,3,0,s20,86.27261462501711,1
1221,1.0,0.0,17.51341358485722,3,0,s21,32.873130248655265,1
1222,0.0,0.0,0.0,3,0,s22,67.0547290170978,0
1223,1.0,0.0,17.51341358485722,3,0,s23,69.45109617779912,1
1224,0.0,0.0,0.0,3,0,s24,102.1119531621159,0
1225,1.0,0.0,17.51341358485722,3,0,s25,120.0762059965568,1
1226,0.0,0.0,0.0,3,0,s26,91.78498502233673,0
1227,1.0,0.0,17.51341358485722,3,0,s27,83.98633142140929,1
1228,1.0,0.0,17.51341358485722,3,0,s28,41.60188150401498,1
1229,0.0,0.0,0.0,3,0,s29,147.8001864267004,0
1230,1.0,0.0,17.51341358485722,3,0,s30,37.84936938389151,1
1231,1.0,0.0,17.51341358485722,3,0,s31,31.159759791133997,1
1232,0.0,0.0,0.0,3,0,s32,108.5528755583027,0
1233,1.0,0.0,17.51341358485722,3,0,s33,85.22993010241959,1
1234,1.0,0.0,17.51341358485722,3,0,s34,58.98833037267396,1
1235,0.0,0.0,0.0,3,0,s35,79.87295917824784,0
1236,0.0,0.0,0.0,3,0,s36,78.17731377642106,0
1237,1.0,0.0,17.51341358485722,3,0,s37,68.59568456071977,1
1238,0.0,0.0,0.0,3,0,s38,73.99370046491252,0
1239,0.0,0.0,0.0,3,0,s39,81.78580944942328,0
1240,0.0,0.0,0.0,3,0,s40,132.5170511520543,0
1241,0.0,0.0,0.0,3,0,s41,88.05172987482526,0
1242,1.0,0.0,17.51341358485722,3,0,s42,39.99853528031807,1
1243,1.0,0.0,17.51341358485722,3,0,s43,87.73494537521046,1
1244,0.0,0.0,0.0,3,0,s44,94.67046194174785,0
1245,1.0,0.0,17.51341358485722,3,0,s45,75.49915347213391,1
1246,0.0,0.0,0.0,3,0,s46,117.01647289831614,0
1247,0.0,0.0,0.0,3,0,s47,79.50484622880275,0
1248,1.0,0.0,17.51341358485722,3,0,s48,45.638020291686416,1
1249,1.0,0.0,17.51341358485722,3,0,s49,38.240131811063925,1
1250,1.0,0.0,17.51341358485722,3,0,s50,73.99729995624352,1
1251,0.0,0.0,0.0,3,0,s51,83.27691695848836,0
1252,0.0,0.0,0.0,3,0,s52,147.93848628331364,0
1253,1.0,0.0,17.51341358485722,3,0,s53,17.967221428852348,1
1254,1.0,0.0,17.51341358485722,3,0,s54,81.79316276852708,1
1255,0.0,0.0,0.0,3,0,s55,173.64102167776068,0
1256,1.0,0.0,17.51341358485722,3,0,s56,50.35224463992542,1
1257,1.0,0.0,17.51341358485722,3,0,s57,58.590273658746696,1
1258,1.0,0.0,17.51341358485722,3,0,s58,75.40976046287693,1
1259,1.0,0.0,17.51341358485722,3,0,s59,98.58741670686786,1
1260,0.0,0.0,0.0,3,0,s60,75.70730453989387,0
1261,1.0,0.0,17.51341358485722,3,0,s61,38.60292724905257,1
1262,0.0,0.0,0.0,3,0,s62,82.95608685062827,0
1263,0.0,0.0,0.0,3,0,s63,113.35672384824252,0
1264,0.0,0.0,0.0,3,0,s64,120.40350537744888,0
1265,0.0,0.0,0.0,3,0,s65,65.08749143338946,0
1266,1.0,0.0,17.51341358485722,3,0,s66,100.01245724504312,1
1267,1.0,0.0,17.51341358485722,3,0,s67,83.07837647925626,1
1268,1.0,0.0,17.51341358485722,3,0,s68,57.55603501690442,1
1269,0.0,0.0,0.0,3,0,s69,80.76235288981832,0
1270,1.0,0.0,17.51341358485722,3,0,s70,84.38781801655027,1
1271,0.0,0.0,0.0,3,0,s71,68.12098812577979,0
1272,1.0,0.0,17.51341358485722,3,0,s72,37.88153731595782,1
1273,0.0,0.0,0.0,3,0,s73,124.96686054573811,0
1274,1.0,0.0,17.51341358485722,3,0,s74,27.422613964507008,1
1275,1.0,0.0,17.51341358485722,3,0,s75,85.98034634658833,1
1276,1.0,0.0,17.51341358485722,3,0,s76,92.22904809524272,1
1277,0.0,0.0,0.0,3,0,s77,120.52760952279588,0
1278,0.0,0.0,0.0,3,0,s78,124.96029456680034,0
1279,0.0,0.0,0.0,3,0,s79,84.94592771141694,0
1280,1.0,0.0,17.51341358485722,3,0,s80,48.92543766970978,1
1281,0.0,0.0,0.0,3,0,s81,79.99319082593337,0
1282,0.0,0.0,0.0,3,0,s82,67.01149709108981,0
1283,0.0,0.0,0.0,3,0,s83,83.81043521114375,0
1284,1.0,0.0,17.51341358485722,3,0,s84,26.06182917701629,1
1285,0.0,0.0,0.0,3,0,s85,120.61334197026318,0
1286,1.0,0.0,17.51341358485722,3,0,s86,65.58126292218016,1
1287,0.0,0.0,0.0,3,0,s87,75.29389048890776,0
1288,1.0,0.0,17.51341358485722,3,0,s88,55.77453099172287,1
1289,1.0,0.0,17.51341358485722,3,0,s89,135.52660499309465,1
1290,0.0,0.0,0.0,3,0,s90,87.07258498719352,0
1291,0.0,0.0,0.0,3,0,s91,90.60073286331286,0
1292,1.0,0.0,17.51341358485722,3,0,s92,66.85999981991601,1
1293,0.0,0.0,0.0,3,0,s93,101.3628037562382,0
1294,0.0,0.0,0.0,3,0,s94,113.67620488093256,0
1295,1.0,0.0,17.51341358485722,3,0,s95,58.62183839300084,1
1296,0.0,0.0,0.0,3,0,s96,57.366585988261086,0
1297,1.0,0.0,17.51341358485722,3,0,s97,67.82295277954395,1
1298,1.0,0.0,17.51341358485722,3,0,s98,19.142513179642343,1
1299,1.0,0.0,17.51341358485722,3,0,s99,35.15185909329024,1
1300,0.0,0.0,0.0,3,1,s0,100.815351968436,1
1301,0.0,0.0,0.0,3,1,s1,19.522792353997787,1
1302,0.0,0.0,0.0,3,1,s2,25.54272810158141,1
1303,0.0,0.0,0.0,3,1,s3,105.07224916211082,0
1304,0.0,0.0,0.0,3,1,s4,106.76534875724175,0
1305,0.0,0.0,0.0,3,1,s5,91.87103087510276,0
1306,0.0,0.0,0.0,3,1,s6,122.75754655172696,0
1307,0.0,0.0,0.0,3,1,s7,46.84742718328211,1
1308,0.0,0.0,0.0,3,1,s8,64.67327108523895,0
1309,0.0,0.0,0.0,3,1,s9,64.34521912264397,1
1310,0.0,0.0,0.0,3,1,s10,57.938747594834894,1
1311,0.0,0.0,0.0,3,1,s11,82.98714163971742,0
1312,0.0,0.0,0.0,3,1,s12,80.76748370088617,0
1313,0.0,0.0,0.0,3,1,s13,87.83326901523488,1
1314,0.0,0.0,0.0,3,1,s14,53.59273404452851,1
1315,0.0,0.0,0.0,3,1,s15,91.3454513450283,0
1316,0.0,0.0,0.0,3,1,s16,69.60525530163095,0
1317,0.0,0.0,0.0,3,1,s17,128.82475232765174,0
1318,0.0,0.0,0.0,3,1,s18,54.18480666170076,1
1319,0.0,0.0,0.0,3,1,s19,94.53262545965389,1
1320,0.0,0.0,0.0,3,1,s20,86.27261462501711,1
1321,0.0,0.0,0.0,3,1,s21,32.873130248655265,1
1322,0.0,0.0,0.0,3,1,s22,67.0547290170978,0
1323,0.0,0.0,0.0,3,1,s23,69.45109617779912,1
1324,0.0,0.0,0.0,3,1,s24,102.1119531621159,0
1325,0.0,0.0,0.0,3,1,s25,120.0762059965568,1
1326,0.0,0.0,0.0,3,1,s26,91.78498502233673,0
1327,0.0,0.0,0.0,3,1,s27,83.98633142140929,1
1328,0.0,0.0,0.0,3,1,s28,41.60188150401498,1
1329,0.0,0.0,0.0,3,1,s29,147.8001864267004,0
1330,0.0,0.0,0.0,3,1,s30,37.84936938389151,1
1331,0.0,0.0,0.0,3,1,s31,31.159759791133997,1
1332,0.0,0.0,0.0,3,1,s32,108.5528755583027,0
1333,0.0,0.0,0.0,3,1,s33,85.22993010241959,1
1334,0.0,0.0,0.0,3,1,s34,58.98833037267396,1
1335,0.0,0.0,0.0,3,1,s35,79.87295917824784,0
1336,0.0,0.0,0.0,3,1,s36,78.17731377642106,0
1337,0.0,0.0,0.0,3,1,s37,68.59568456071977,1
1338,0.0,0.0,0.0,3,1,s38,73.99370046491252,0
1339,0.0,0.0,0.0,3,1,s39,81.78580944942328,0
1340,0.0,0.0,0.0,3,1,s40,132.5170511520543,0
1341,0.0,0.0,0.0,3,1,s41,88.05172987482526,0
1342,0.0,0.0,0.0,3,1,s42,39.99853528031807,1
1343,0.0,0.0,0.0,3,1,s43,87.73494537521046,1
1344,0.0,0.0,0.0,3,1,s44,94.67046194174785,0
1345,0.0,0.0,0.0,3,1,s45,75.49915347213391,1
1346,0.0,0.0,0.0,3,1,s46,117.01647289831614,0
1347,0.0,0.0,0.0,3,1,s47,79.50484622880275,0
1348,0.0,0.0,0.0,3,1,s48,45.638020291686416,1
1349,0.0,0.0,0.0,3,1,s49,38.240131811063925,1
1350,0.0,0.0,0.0,3,1,s50,73.99729995624352,1
1351,0.0,0.0,0.0,3,1,s51,83.27691695848836,0
1352,0.0,0.0,0.0,3,1,s52,147.93848628331364,0
1353,0.0,0.0,0.0,3,1,s53,17.967221428852348,1
1354,0.0,0.0,0.0,3,1,s54,81.79316276852708,1
1355,0.0,0.0,0.0,3,1,s55,173.64102167776068,0
1356,0.0,0.0,0.0,3,1,s56,50.35224463992542,1
1357,0.0,0.0,0.0,3,1,s57,58.590273658746696,1
1358,0.0,0.0,0.0,3,1,s58,75.40976046287693,1
1359,0.0,0.0,0.0,3,1,s59,98.58741670686786,1
1360,0.0,0.0,0.0,3,1,s60,75.70730453989387,0
1361,0.0,0.0,0.0,3,1,s61,38.60292724905257,1
1362,0.0,0.0,0.0,3,1,s62,82.95608685062827,0
1363,0.0,0.0,0.0,3,1,s63,113.35672384824252,0
1364,0.0,0.0,0.0,3,1,s64,120.40350537744888,0
1365,0.0,0.0,0.0,3,1,s65,65.08749143338946,0
1366,0.0,0.0,0.0,3,1,s66,100.01245724504312,1
1367,0.0,0.0,0.0,3,1,s67,83.07837647925626,1
1368,0.0,0.0,0.0,3,1,s68,57.55603501690442,1
1369,0.0,0.0,0.0,3,1,s69,80.76235288981832,0
1370,0.0,0.0,0.0,3,1,s70,84.38781801655027,1
1371,0.0,0.0,0.0,3,1,s71,68.12098812577979,0
1372,0.0,0.0,0.0,3,1,s72,37.88153731595782,1
1373,0.0,0.0,0.0,3,1,s73,124.96686054573811,0
1374,0.0,0.0,0.0,3,1,s74,27.422613964507008,1
1375,0.0,0.0,0.0,3,1,s75,85.98034634658833,1
1376,0.0,0.0,0.0,3,1,s76,92.22904809524272,1
1377,0.0,0.0,0.0,3,1,s77,120.52760952279588,0
1378,0.0,0.0,0.0,3,1,s78,124.96029456680034,0
1379,0.0,0.0,0.0,3,1,s79,84.94592771141694,0
1380,0.0,0.0,0.0,3,1,s80,48.92543766970978,1
1381,0.0,0.0,0.0,3,1,s81,79.99319082593337,0
1382,0.0,0.0,0.0,3,1,s82,67.01149709108981,0
1383,0.0,0.0,0.0,3,1,s83,83.81043521114375,0
1384,0.0,0.0,0.0,3,1,s84,26.06182917701629,1
1385,0.0,0.0,0.0,3,1,s85,120.61334197026318,0
1386,0.0,0.0,0.0,3,1,s86,65.58126292218016,1
1387,0.0,0.0,0.0,3,1,s87,75.29389048890776,0
1388,0.0,0.0,0.0,3,1,s88,55.77453099172287,1
1389,0.0,0.0,0.0,3,1,s89,135.52660499309465,1
1390,0.0,0.0,0.0,3,1,s90,87.07258498719352,0
1391,0.0,0.0,0.0,3,1,s91,90.60073286331286,0
1392,0.0,0.0,0.0,3,1,s92,66.85999981991601,1
1393,0.0,0.0,0.0,3,1,s93,101.3628037562382,0
1394,0.0,0.0,0.0,3,1,s94,113.67620488093256,0
1395,0.0,0.0,0.0,3,1,s95,58.62183839300084,1
1396,0.0,0.0,0.0,3,1,s96,57.366585988261086,0
1397,0.0,0.0,0.0,3,1,s97,67.82295277954395,1
1398,0.0,0.0,0.0,3,1,s98,19.142513179642343,1
1399,0.0,0.0,0.0,3,1,s99,35.15185909329024,1
1400,0.0,0.0,0.0,3,2,s0,100.815351968436,1
1401,0.0,0.0,0.0,3,2,s1,19.522792353997787,1
1402,0.0,0.0,0.0,3,2,s2,25.54272810158141,1
1403,0.0,0.0,0.0,3,2,s3,105.07224916211082,0
1404,0.0,0.0,0.0,3,2,s4,106.76534875724175,0
1405,0.0,0.0,0.0,3,2,s5,91.87103087510276,0
1406,0.0,0.0,0.0,3,2,s6,122.75754655172696,0
1407,0.0,0.0,0.0,3,2,s7,46.84742718328211,1
1408,0.0,0.0,0.0,3,2,s8,64.67327108523895,0
1409,0.0,0.0,0.0,3,2,s9,64.34521912264397,1
1410,0.0,0.0,0.0,3,2,s10,57.938747594834894,1
1411,0.0,0.0,0.0,3,2,s11,82.98714163971742,0
1412,0.0,0.0,0.0,3,2,s12,80.76748370088617,0
1413,0.0,0.0,0.0,3,2,s13,87.83326901523488,1
1414,0.0,0.0,0.0,3,2,s14,53.59273404452851,1
1415,0.0,0.0,0.0,3,2,s15,91.3454513450283,0
1416,0.0,0.0,0.0,3,2,s16,69.60525530163095,0
1417,0.0,0.0,0.0,3,2,s17,128.82475232765174,0
1418,0.0,0.0,0.0,3,2,s18,54.18480666170076,1
1419,0.0,0.0,0.0,3,2,s19,94.53262545965389,1
1420,0.0,0.0,0.0,3,2,s20,86.27261462501711,1
1421,0.0,0.0,0.0,3,2,s21,32.873130248655265,1
1422,0.0,0.0,0.0,3,2,s22,67.0547290170978,0
1423,0.0,0.0,0.0,3,2,s23,69.45109617779912,1
1424,0.0,0.0,0.0,3,2,s24,102.1119531621159,0
1425,0.0,0.0,0.0,3,2,s25,120.0762059965568,1
1426,0.0,0.0,0.0,3,2,s26,91.78498502233673,0
1427,0.0,0.0,0.0,3,2,s27,83.98633142140929,1
1428,0.0,0.0,0.0,3,2,s28,41.60188150401498,1
1429,0.0,0.0,0.0,3,2,s29,147.8001864267004,0
1430,0.0,0.0,0.0,3,2,s30,37.84936938389151,1
1431,0.0,0.0,0.0,3,2,s31,31.159759791133997,1
1432,0.0,0.0,0.0,3,2,s32,108.5528755583027,0
1433,0.0,0.0,0.0,3,2,s33,85.22993010241959,1
1434,0.0,0.0,0.0,3,2,s34,58.98833037267396,1
1435,0.0,0.0,0.0,3,2,s35,79.87295917824784,0
1436,0.0,0.0,0.0,3,2,s36,78.17731377642106,0
1437,0.0,0.0,0.0,3,2,s37,68.59568456071977,1
1438,0.0,0.0,0.0,3,2,s38,73.99370046491252,0
1439,0.0,0.0,0.0,3,2,s39,81.78580944942328,0
1440,0.0,0.0,0.0,3,2,s40,132.5170511520543,0
1441,0.0,0.0,0.0,3,2,s41,88.05172987482526,0
1442,0.0,0.0,0.0,3,2,s42,39.99853528031807,1
1443,0.0,0.0,0.0,3,2,s43,87.73494537521046,1
1444,0.0,0.0,0.0,3,2,s44,94.67046194174785,0
1445,0.0,0.0,0.0,3,2,s45,75.49915347213391,1
1446,0.0,0.0,0.0,3,2,s46,117.01647289831614,0
1447,0.0,0.0,0.0,3,2,s47,79.50484622880275,0
1448,0.0,0.0,0.0,3,2,s48,45.638020291686416,1
1449,0.0,0.0,0.0,3,2,s49,38.240131811063925,1
1450,0.0,0.0,0.0,3,2,s50,73.99729995624352,1
1451,0.0,0.0,0.0,3,2,s51,83.27691695848836,0
1452,0.0,0.0,0.0,3,2,s52,147.93848628331364,0
1453,0.0,0.0,0.0,3,2,s53,17.967221428852348,1
1454,0.0,0.0,0.0,3,2,s54,81.79316276852708,1
1455,0.0,0.0,0.0,3,2,s55,173.64102167776068,0
1456,0.0,0.0,0.0,3,2,s56,50.35224463992542,1
1457,0.0,0.0,0.0,3,2,s57,58.590273658746696,1
1458,0.0,0.0,0.0,3,2,s58,75.40976046287693,1
1459,0.0,0.0,0.0,3,2,s59,98.58741670686786,1
1460,0.0,0.0,0.0,3,2,s60,75.70730453989387,0
1461,0.0,0.0,0.0,3,2,s61,38.60292724905257,1
1462,0.0,0.0,0.0,3,2,s62,82.95608685062827,0
1463,0.0,0.0,0.0,3,2,s63,113.35672384824252,0
1464,0.0,0.0,0.0,3,2,s64,120.40350537744888,0
1465,0.0,0.0,0.0,3,2,s65,65.08749143338946,0
1466,0.0,0.0,0.0,3,2,s66,100.01245724504312,1
1467,0.0,0.0,0.0,3,2,s67,83.07837647925626,1
1468,0.0,0.0,0.0,3,2,s68,57.55603501690442,1
1469,0.0,0.0,0.0,3,2,s69,80.76235288981832,0
1470,0.0,0.0,0.0,3,2,s70,84.38781801655027,1
1471,0.0,0.0,0.0,3,2,s71,68.12098812577979,0
1472,0.0,0.0,0.0,3,2,s72,37.88153731595782,1
1473,0.0,0.0,0.0,3,2,s73,124.96686054573811,0
1474,0.0,0.0,0.0,3,2,s74,27.422613964507008,1
1475,0.0,0.0,0.0,3,2,s75,85.98034634658833,1
1476,0.0,0.0,0.0,3,2,s76,92.22904809524272,1
1477,0.0,0.0,0.0,3,2,s77,120.52760952279588,0
1478,0.0,0.0,0.0,3,2,s78,124.96029456680034,0
1479,0.0,0.0,0.0,3,2,s79,84.94592771141694,0
1480,0.0,0.0,0.0,3,2,s80,48.92543766970978,1
1481,0.0,0.0,0.0,3,2,s81,79.99319082593337,0
1482,0.0,0.0,0.0,3,2,s82,67.01149709108981,0
1483,0.0,0.0,0.0,3,2,s83,83.81043521114375,0
1484,0.0,0.0,0.0,3,2,s84,26.06182917701629,1
1485,0.0,0.0,0.0,3,2,s85,120.61334197026318,0
1486,0.0,0.0,0.0,3,2,s86,65.58126292218016,1
1487,0.0,0.0,0.0,3,2,s87,75.29389048890776,0
1488,0.0,0.0,0.0,3,2,s88,55.77453099172287,1
1489,0.0,0.0,0.0,3,2,s89,135.52660499309465,1
1490,0.0,0.0,0.0,3,2,s90,87.07258498719352,0
1491,0.0,0.0,0.0,3,2,s91,90.60073286331286,0
1492,0.0,0.0,0.0,3,2,s92,66.85999981991601,1
1493,0.0,0.0,0.0,3,2,s93,101.3628037562382,0
1494,0.0,0.0,0.0,3,2,s94,113.67620488093256,0
1495,0.0,0.0,0.0,3,2,s95,58.62183839300084,1
1496,0.0,0.0,0.0,3,2,s96,57.366585988261086,0
1497,0.0,0.0,0.0,3,2,s97,67.82295277954395,1
1498,0.0,0.0,0.0,3,2,s98,19.142513179642343,1
1499,0.0,0.0,0.0,3,2,s99,35.15185909329024,1
1500,0.0,0.0,0.0,3,3,s0,100.815351968436,1
1501,0.0,0.0,0.0,3,3,s1,19.522792353997787,1
1502,0.0,0.0,0.0,3,3,s2,25.54272810158141,1
1503,0.0,0.0,0.0,3,3,s3,105.07224916211082,0
1504,0.0,0.0,0.0,3,3,s4,106.76534875724175,0
1505,0.0,0.0,0.0,3,3,s5,91.87103087510276,0
1506,0.0,0.0,0.0,3,3,s6,122.75754655172696,0
1507,0.0,0.0,0.0,3,3,s7,46.84742718328211,1
1508,0.0,0.0,0.0,3,3,s8,64.67327108523895,0
1509,0.0,0.0,0.0,3,3,s9,64.34521912264397,1
1510,0.0,0.0,0.0,3,3,s10,57.938747594834894,1
1511,0.0,0.0,0.0,3,3,s11,82.98714163971742,0
1512,0.0,0.0,0.0,3,3,s12,80.76748370088617,0
1513,0.0,0.0,0.0,3,3,s13,87.83326901523488,1
1514,0.0,0.0,0.0,3,3,s14,53.59273404452851,1
1515,0.0,0.0,0.0,3,3,s15,91.3454513450283,0
1516,0.0,0.0,0.0,3,3,s16,69.60525530163095,0
1517,0.0,0.0,0.0,3,3,s17,128.82475232765174,0
1518,0.0,0.0,0.0,3,3,s18,54.18480666170076,1
1519,0.0,0.0,0.0,3,3,s19,94.53262545965389,1
1520,0.0,0.0,0.0,3,3,s20,86.27261462501711,1
1521,0.0,0.0,0.0,3,3,s21,32.873130248655265,1
1522,0.0,0.0,0.0,3,3,s22,67.0547290170978,0
1523,0.0,0.0,0.0,3,3,s23,69.45109617779912,1
1524,0.0,0.0,0.0,3,3,s24,102.1119531621159,0
1525,0.0,0.0,0.0,3,3,s25,120.0762059965568,1
1526,0.0,0.0,0.0,3,3,s26,91.78498502233673,0
1527,0.0,0.0,0.0,3,3,s27,83.98633142140929,1
1528,0.0,0.0,0.0,3,3,s28,41.60188150401498,1
1529,0.0,0.0,0.0,3,3,s29,147.8001864267004,0
1530,0.0,0.0,0.0,3,3,s30,37.84936938389151,1
1531,0.0,0.0,0.0,3,3,s31,31.159759791133997,1
1532,0.0,0.0,0.0,3,3,s32,108.5528755583027,0
1533,0.0,0.0,0.0,3,3,s33,85.22993010241959,1
1534,0.0,0.0,0.0,3,3,s34,58.98833037267396,1
1535,0.0,0.0,0.0,3,3,s35,79.87295917824784,0
1536,0.0,0.0,0.0,3,3,s36,78.17731377642106,0
1537,0.0,0.0,0.0,3,3,s37,68.59568456071977,1
1538,0.0,0.0,0.0,3,3,s38,73.99370046491252,0
1539,0.0,0.0,0.0,3,3,s39,81.78580944942328,0
1540,0.0,0.0,0.0,3,3,s40,132.5170511520543,0
1541,0.0,0.0,0.0,3,3,s41,88.05172987482526,0
1542,0.0,0.0,0.0,3,3,s42,39.99853528031807,1
1543,0.0,0.0,0.0,3,3,s43,87.73494537521046,1
1544,0.0,0.0,0.0,3,3,s44,94.67046194174785,0
1545,0.0,0.0,0.0,3,3,s45,75.49915347213391,1
1546,0.0,0.0,0.0,3,3,s46,117.01647289831614,0
1547,0.0,0.0,0.0,3,3,s47,79.50484622880275,0
1548,0.0,0.0,0.0,3,3,s48,45.638020291686416,1
1549,0.0,0.0,0.0,3,3,s49,38.240131811063925,1
1550,0.0,0.0,0.0,3,3,s50,73.99729995624352,1
1551,0.0,0.0,0.0,3,3,s51,83.27691695848836,0
1552,0.0,0.0,0.0,3,3,s52,147.93848628331364,0
1553,0.0,0.0,0.0,3,3,s53,17.967221428852348,1
1554,0.0,0.0,0.0,3,3,s54,81.79316276852708,1
1555,0.0,0.0,0.0,3,3,s55,173.64102167776068,0
1556,0.0,0.0,0.0,3,3,s56,50.35224463992542,1
1557,0.0,0.0,0.0,3,3,s57,58.590273658746696,1
1558,0.0,0.0,0.0,3,3,s58,75.40976046287693,1
1559,0.0,0.0,0.0,3,3,s59,98.58741670686786,1
1560,0.0,0.0,0.0,3,3,s60,75.70730453989387,0
1561,0.0,0.0,0.0,3,3,s61,38.60292724905257,1
1562,0.0,0.0,0.0,3,3,s62,82.95608685062827,0
1563,0.0,0.0,0.0,3,3,s63,113.35672384824252,0
1564,0.0,0.0,0.0,3,3,s64,120.40350537744888,0
1565,0.0,0.0,0.0,3,3,s65,65.08749143338946,0
1566,0.0,0.0,0.0,3,3,s66,100.01245724504312,1
1567,0.0,0.0,0.0,3,3,s67,83.07837647925626,1
1568,0.0,0.0,0.0,3,3,s68,57.55603501690442,1
1569,0.0,0.0,0.0,3,3,s69,80.76235288981832,0
1570,0.0,0.0,0.0,3,3,s70,84.38781801655027,1
1571,0.0,0.0,0.0,3,3,s71,68.12098812577979,0
1572,0.0,0.0,0.0,3,3,s72,37.88153731595782,1
1573,0.0,0.0,0.0,3,3,s73,124.96686054573811,0
1574,0.0,0.0,0.0,3,3,s74,27.422613964507008,1
1575,0.0,0.0,0.0,3,3,s75,85.98034634658833,1
1576,0.0,0.0,0.0,3,3,s76,92.22904809524272,1
1577,0.0,0.0,0.0,3,3,s77,120.52760952279588,0
1578,0.0,0.0,0.0,3,3,s78,124.96029456680034,0
1579,0.0,0.0,0.0,3,3,s79,84.94592771141694,0
1580,0.0,0.0,0.0,3,3,s80,48.92543766970978,1
1581,0.0,0.0,0.0,3,3,s81,79.99319082593337,0
1582,0.0,0.0,0.0,3,3,s82,67.01149709108981,0
1583,0.0,0.0,0.0,3,3,s83,83.81043521114375,0
1584,0.0,0.0,0.0,3,3,s84,26.06182917701629,1
1585,0.0,0.0,0.0,3,3,s85,120.61334197026318,0
1586,0.0,0.0,0.0,3,3,s86,65.58126292218016,1
1587,0.0,0.0,0.0,3,3,s87,75.29389048890776,0
1588,0.0,0.0,0.0,3,3,s88,55.77453099172287,1
1589,0.0,0.0,0.0,3,3,s89,135.52660499309465,1
1590,0.0,0.0,0.0,3,3,s90,87.07258498719352,0
1591,0.0,0.0,0.0,3,3,s91,90.60073286331286,0
1592,0.0,0.0,0.0,3,3,s92,66.85999981991601,1
1593,0.0,0.0,0.0,3,3,s93,101.3628037562382,0
1594,0.0,0.0,0.0,3,3,s94,113.67620488093256,0
1595,0.0,0.0,0.0,3,3,s95,58.62183839300084,1
1596,0.0,0.0,0.0,3,3,s96,57.366585988261086,0
1597,0.0,0.0,0.0,3,3,s97,67.82295277954395,1
1598,0.0,0.0,0.0,3,3,s98,19.142513179642343,1
1599,0.0,0.0,0.0,3,3,s99,35.15185909329024,1
